"General","Subyacente","Mercancias","Servicios","Nosubyacente","Agropecuarios","Energeticos","Periodo"
5.2,NA,NA,NA,NA,NA,NA,1970-01-01
4.81,NA,NA,NA,NA,NA,NA,1970-02-01
5.01,NA,NA,NA,NA,NA,NA,1970-03-01
4.87,NA,NA,NA,NA,NA,NA,1970-04-01
5.09,NA,NA,NA,NA,NA,NA,1970-05-01
5.35,NA,NA,NA,NA,NA,NA,1970-06-01
5.46,NA,NA,NA,NA,NA,NA,1970-07-01
5.84,NA,NA,NA,NA,NA,NA,1970-08-01
5.11,NA,NA,NA,NA,NA,NA,1970-09-01
4.05,NA,NA,NA,NA,NA,NA,1970-10-01
4.6,NA,NA,NA,NA,NA,NA,1970-11-01
4.69,NA,NA,NA,NA,NA,NA,1970-12-01
4.93,NA,NA,NA,NA,NA,NA,1971-01-01
5.38,NA,NA,NA,NA,NA,NA,1971-02-01
5.47,NA,NA,NA,NA,NA,NA,1971-03-01
5.87,NA,NA,NA,NA,NA,NA,1971-04-01
5.87,NA,NA,NA,NA,NA,NA,1971-05-01
5.71,NA,NA,NA,NA,NA,NA,1971-06-01
5.11,NA,NA,NA,NA,NA,NA,1971-07-01
5.58,NA,NA,NA,NA,NA,NA,1971-08-01
5.67,NA,NA,NA,NA,NA,NA,1971-09-01
5.74,NA,NA,NA,NA,NA,NA,1971-10-01
5.34,NA,NA,NA,NA,NA,NA,1971-11-01
4.96,NA,NA,NA,NA,NA,NA,1971-12-01
4.4,NA,NA,NA,NA,NA,NA,1972-01-01
4.29,NA,NA,NA,NA,NA,NA,1972-02-01
4.46,NA,NA,NA,NA,NA,NA,1972-03-01
4.58,NA,NA,NA,NA,NA,NA,1972-04-01
4.57,NA,NA,NA,NA,NA,NA,1972-05-01
4.87,NA,NA,NA,NA,NA,NA,1972-06-01
5.35,NA,NA,NA,NA,NA,NA,1972-07-01
5.08,NA,NA,NA,NA,NA,NA,1972-08-01
5.22,NA,NA,NA,NA,NA,NA,1972-09-01
5.19,NA,NA,NA,NA,NA,NA,1972-10-01
5.7,NA,NA,NA,NA,NA,NA,1972-11-01
5.56,NA,NA,NA,NA,NA,NA,1972-12-01
6.62,NA,NA,NA,NA,NA,NA,1973-01-01
7.16,NA,NA,NA,NA,NA,NA,1973-02-01
7.52,NA,NA,NA,NA,NA,NA,1973-03-01
8.54,NA,NA,NA,NA,NA,NA,1973-04-01
9.47,NA,NA,NA,NA,NA,NA,1973-05-01
9.56,NA,NA,NA,NA,NA,NA,1973-06-01
11.95,NA,NA,NA,NA,NA,NA,1973-07-01
13,NA,NA,NA,NA,NA,NA,1973-08-01
15.16,NA,NA,NA,NA,NA,NA,1973-09-01
16.56,NA,NA,NA,NA,NA,NA,1973-10-01
17.23,NA,NA,NA,NA,NA,NA,1973-11-01
21.37,NA,NA,NA,NA,NA,NA,1973-12-01
23.92,NA,NA,NA,NA,NA,NA,1974-01-01
25.68,NA,NA,NA,NA,NA,NA,1974-02-01
25.54,NA,NA,NA,NA,NA,NA,1974-03-01
25.26,NA,NA,NA,NA,NA,NA,1974-04-01
24.92,NA,NA,NA,NA,NA,NA,1974-05-01
25.13,NA,NA,NA,NA,NA,NA,1974-06-01
23.76,NA,NA,NA,NA,NA,NA,1974-07-01
23.09,NA,NA,NA,NA,NA,NA,1974-08-01
21.6,NA,NA,NA,NA,NA,NA,1974-09-01
22.44,NA,NA,NA,NA,NA,NA,1974-10-01
24.31,NA,NA,NA,NA,NA,NA,1974-11-01
20.6,NA,NA,NA,NA,NA,NA,1974-12-01
17.92,NA,NA,NA,NA,NA,NA,1975-01-01
15.95,NA,NA,NA,NA,NA,NA,1975-02-01
15.79,NA,NA,NA,NA,NA,NA,1975-03-01
15.2,NA,NA,NA,NA,NA,NA,1975-04-01
15.83,NA,NA,NA,NA,NA,NA,1975-05-01
16.65,NA,NA,NA,NA,NA,NA,1975-06-01
15.91,NA,NA,NA,NA,NA,NA,1975-07-01
15.69,NA,NA,NA,NA,NA,NA,1975-08-01
15.22,NA,NA,NA,NA,NA,NA,1975-09-01
13.56,NA,NA,NA,NA,NA,NA,1975-10-01
11.27,NA,NA,NA,NA,NA,NA,1975-11-01
11.31,NA,NA,NA,NA,NA,NA,1975-12-01
12.02,NA,NA,NA,NA,NA,NA,1976-01-01
13.49,NA,NA,NA,NA,NA,NA,1976-02-01
13.89,NA,NA,NA,NA,NA,NA,1976-03-01
13.72,NA,NA,NA,NA,NA,NA,1976-04-01
13.01,NA,NA,NA,NA,NA,NA,1976-05-01
11.56,NA,NA,NA,NA,NA,NA,1976-06-01
11.62,NA,NA,NA,NA,NA,NA,1976-07-01
11.72,NA,NA,NA,NA,NA,NA,1976-08-01
14.69,NA,NA,NA,NA,NA,NA,1976-09-01
20.53,NA,NA,NA,NA,NA,NA,1976-10-01
25.1,NA,NA,NA,NA,NA,NA,1976-11-01
27.2,NA,NA,NA,NA,NA,NA,1976-12-01
28.77,NA,NA,NA,NA,NA,NA,1977-01-01
29.19,NA,NA,NA,NA,NA,NA,1977-02-01
30.17,NA,NA,NA,NA,NA,NA,1977-03-01
31.22,NA,NA,NA,NA,NA,NA,1977-04-01
31.45,NA,NA,NA,NA,NA,NA,1977-05-01
32.53,NA,NA,NA,NA,NA,NA,1977-06-01
32.91,NA,NA,NA,NA,NA,NA,1977-07-01
34.35,NA,NA,NA,NA,NA,NA,1977-08-01
32.22,NA,NA,NA,NA,NA,NA,1977-09-01
26.13,NA,NA,NA,NA,NA,NA,1977-10-01
22,NA,NA,NA,NA,NA,NA,1977-11-01
20.66,NA,NA,NA,NA,NA,NA,1977-12-01
19.53,NA,NA,NA,NA,NA,NA,1978-01-01
18.63,NA,NA,NA,NA,NA,NA,1978-02-01
17.81,NA,NA,NA,NA,NA,NA,1978-03-01
17.35,NA,NA,NA,NA,NA,NA,1978-04-01
17.46,NA,NA,NA,NA,NA,NA,1978-05-01
17.64,NA,NA,NA,NA,NA,NA,1978-06-01
18.3,NA,NA,NA,NA,NA,NA,1978-07-01
17.07,NA,NA,NA,NA,NA,NA,1978-08-01
16.35,NA,NA,NA,NA,NA,NA,1978-09-01
16.86,NA,NA,NA,NA,NA,NA,1978-10-01
16.79,NA,NA,NA,NA,NA,NA,1978-11-01
16.17,NA,NA,NA,NA,NA,NA,1978-12-01
17.68,NA,NA,NA,NA,NA,NA,1979-01-01
17.68,NA,NA,NA,NA,NA,NA,1979-02-01
18.05,NA,NA,NA,NA,NA,NA,1979-03-01
17.8,NA,NA,NA,NA,NA,NA,1979-04-01
18.18,NA,NA,NA,NA,NA,NA,1979-05-01
17.87,NA,NA,NA,NA,NA,NA,1979-06-01
17.31,NA,NA,NA,NA,NA,NA,1979-07-01
17.91,NA,NA,NA,NA,NA,NA,1979-08-01
18.01,NA,NA,NA,NA,NA,NA,1979-09-01
18.63,NA,NA,NA,NA,NA,NA,1979-10-01
18.93,NA,NA,NA,NA,NA,NA,1979-11-01
20.02,NA,NA,NA,NA,NA,NA,1979-12-01
21.56,NA,NA,NA,NA,NA,NA,1980-01-01
22.6,NA,NA,NA,NA,NA,NA,1980-02-01
23.45,NA,NA,NA,NA,NA,NA,1980-03-01
24.49,NA,NA,NA,NA,NA,NA,1980-04-01
24.89,NA,NA,NA,NA,NA,NA,1980-05-01
25.97,NA,NA,NA,NA,NA,NA,1980-06-01
27.94,NA,NA,NA,NA,NA,NA,1980-07-01
28.64,NA,NA,NA,NA,NA,NA,1980-08-01
28.49,NA,NA,NA,NA,NA,NA,1980-09-01
28.2,NA,NA,NA,NA,NA,NA,1980-10-01
28.77,NA,NA,NA,NA,NA,NA,1980-11-01
29.85,NA,NA,NA,NA,NA,NA,1980-12-01
27.8,NA,NA,NA,NA,NA,NA,1981-01-01
27.98,NA,NA,NA,NA,NA,NA,1981-02-01
28.08,NA,NA,NA,NA,NA,NA,1981-03-01
28.72,NA,NA,NA,NA,NA,NA,1981-04-01
28.57,NA,NA,NA,NA,NA,NA,1981-05-01
27.83,NA,NA,NA,NA,NA,NA,1981-06-01
26.55,NA,NA,NA,NA,NA,NA,1981-07-01
26.54,NA,NA,NA,NA,NA,NA,1981-08-01
27.47,NA,NA,NA,NA,NA,NA,1981-09-01
28.36,NA,NA,NA,NA,NA,NA,1981-10-01
28.6,NA,NA,NA,NA,NA,NA,1981-11-01
28.68,NA,NA,NA,NA,NA,NA,1981-12-01
30.86,NA,NA,NA,NA,NA,NA,1982-01-01
32.74,NA,NA,NA,NA,NA,NA,1982-02-01
34.71,NA,NA,NA,NA,NA,NA,1982-03-01
38.88,NA,NA,NA,NA,NA,NA,1982-04-01
44.5,NA,NA,NA,NA,NA,NA,1982-05-01
49.37,NA,NA,NA,NA,NA,NA,1982-06-01
54.35,NA,NA,NA,NA,NA,NA,1982-07-01
68.21,NA,NA,NA,NA,NA,NA,1982-08-01
73.95,NA,NA,NA,NA,NA,NA,1982-09-01
79,NA,NA,NA,NA,NA,NA,1982-10-01
84.49,NA,NA,NA,NA,NA,NA,1982-11-01
98.84,NA,NA,NA,NA,NA,NA,1982-12-01
110.04,NA,NA,NA,NA,NA,NA,1983-01-01
112.95,114.04,NA,NA,109.5,NA,NA,1983-02-01
115.39,115.68,NA,NA,114.44,NA,NA,1983-03-01
117.25,115.54,NA,NA,122.87,NA,NA,1983-04-01
114.61,111.71,NA,NA,124.39,NA,NA,1983-05-01
112.5,108.9,NA,NA,124.85,NA,NA,1983-06-01
112.08,110.58,NA,NA,117.18,NA,NA,1983-07-01
98.08,101.3,NA,NA,87.8,NA,NA,1983-08-01
93.83,97.23,NA,NA,82.91,NA,NA,1983-09-01
90.39,92.38,NA,NA,83.83,NA,NA,1983-10-01
91.87,92.26,NA,NA,90.54,NA,NA,1983-11-01
80.78,86.59,NA,NA,63.21,NA,NA,1983-12-01
73.4,75.89,NA,NA,65.59,NA,NA,1984-01-01
73.25,75.28,NA,NA,66.67,NA,NA,1984-02-01
72.31,73.92,NA,NA,67.08,NA,NA,1984-03-01
69.06,70.15,NA,NA,65.63,NA,NA,1984-04-01
67.41,67.85,NA,NA,66,NA,NA,1984-05-01
67.14,68.24,NA,NA,63.63,NA,NA,1984-06-01
64.49,64.61,NA,NA,64.09,NA,NA,1984-07-01
62.84,61.61,NA,NA,67.04,NA,NA,1984-08-01
62.68,62.04,NA,NA,64.91,NA,NA,1984-09-01
62.96,63.47,NA,NA,61.22,NA,NA,1984-10-01
59.2,59.66,NA,NA,57.65,NA,NA,1984-11-01
59.16,59.45,NA,NA,58.13,NA,NA,1984-12-01
60.75,59.29,NA,NA,65.58,NA,NA,1985-01-01
59.04,57.29,NA,NA,64.97,NA,NA,1985-02-01
58.43,57.76,NA,NA,60.71,NA,NA,1985-03-01
56.53,56.87,NA,NA,55.43,NA,NA,1985-04-01
55.1,56.78,NA,NA,49.7,NA,NA,1985-05-01
53.43,54.92,NA,NA,48.54,NA,NA,1985-06-01
53.73,54.8,NA,NA,50.2,NA,NA,1985-07-01
56.02,57.38,NA,NA,51.5,NA,NA,1985-08-01
57.55,58.63,NA,NA,53.89,NA,NA,1985-09-01
58.02,58.77,NA,NA,55.39,NA,NA,1985-10-01
59.82,60.9,NA,NA,56.05,NA,NA,1985-11-01
63.75,61.28,NA,NA,72.36,NA,NA,1985-12-01
65.92,66.38,NA,NA,64.45,NA,NA,1986-01-01
66.38,67.51,NA,NA,62.73,NA,NA,1986-02-01
67.62,68.66,NA,NA,64.16,NA,NA,1986-03-01
71.11,73.03,NA,NA,64.77,NA,NA,1986-04-01
76.44,78.04,NA,NA,71.05,NA,NA,1986-05-01
83.17,85.26,NA,NA,76.05,NA,NA,1986-06-01
85.84,87.97,NA,NA,78.56,NA,NA,1986-07-01
92.25,90.09,NA,NA,99.71,NA,NA,1986-08-01
95.96,93.4,NA,NA,104.96,NA,NA,1986-09-01
99.58,97.77,NA,NA,106.05,NA,NA,1986-10-01
103.67,101.62,NA,NA,111.07,NA,NA,1986-11-01
105.75,107.88,NA,NA,98.79,NA,NA,1986-12-01
104.34,107.35,NA,NA,94.63,NA,NA,1987-01-01
109.76,111.92,NA,NA,102.56,NA,NA,1987-02-01
113.69,115.44,NA,NA,107.7,NA,NA,1987-03-01
120.86,119.08,NA,NA,126.99,NA,NA,1987-04-01
125,121.98,NA,NA,135.58,NA,NA,1987-05-01
126.73,122.86,NA,NA,140.63,NA,NA,1987-06-01
133.44,130.46,NA,NA,144.17,NA,NA,1987-07-01
133.88,133.99,NA,NA,133.51,NA,NA,1987-08-01
135.18,136.59,NA,NA,130.48,NA,NA,1987-09-01
141,141.41,NA,NA,139.57,NA,NA,1987-10-01
143.65,147.12,NA,NA,131.69,NA,NA,1987-11-01
159.17,158.02,NA,NA,163.08,NA,NA,1987-12-01
176.83,169.71,NA,NA,201.29,NA,NA,1988-01-01
179.73,176.85,NA,NA,189.78,NA,NA,1988-02-01
175.83,174.1,NA,NA,181.96,NA,NA,1988-03-01
161.44,162.92,NA,NA,156.5,NA,NA,1988-04-01
147.82,149.92,NA,NA,140.88,NA,NA,1988-05-01
135.81,135.78,NA,NA,135.94,NA,NA,1988-06-01
121.79,119.23,NA,NA,130.48,NA,NA,1988-07-01
106.92,106.29,NA,NA,108.97,NA,NA,1988-08-01
95.24,92.39,NA,NA,104.91,NA,NA,1988-09-01
81.59,78.02,NA,NA,93.96,NA,NA,1988-10-01
70.5,64.26,NA,NA,93.36,NA,NA,1988-11-01
51.66,48.76,NA,NA,61.34,NA,NA,1988-12-01
34.56,35.59,NA,NA,31.39,NA,NA,1989-01-01
25.89,25.31,NA,NA,27.83,NA,NA,1989-02-01
21.05,19.87,NA,NA,25.16,NA,NA,1989-03-01
19.2,17.91,NA,NA,23.6,NA,NA,1989-04-01
18.54,16.88,NA,NA,24.23,NA,NA,1989-05-01
17.58,16.37,NA,NA,21.62,NA,NA,1989-06-01
16.81,16.3,NA,NA,18.46,NA,NA,1989-07-01
16.85,16.5,NA,NA,17.99,NA,NA,1989-08-01
17.3,18.01,NA,NA,15.03,NA,NA,1989-09-01
18.13,19.35,NA,NA,14.26,NA,NA,1989-10-01
18.21,20.18,NA,NA,12.05,NA,NA,1989-11-01
19.7,21.45,NA,NA,14.31,NA,NA,1989-12-01
22.48,22.23,NA,NA,23.24,NA,NA,1990-01-01
23.57,22.02,NA,NA,28.63,NA,NA,1990-02-01
24.4,22.21,NA,NA,31.65,NA,NA,1990-03-01
24.43,23.11,NA,NA,28.76,NA,NA,1990-04-01
24.89,24.66,NA,NA,25.64,NA,NA,1990-05-01
26.11,26.6,NA,NA,24.52,NA,NA,1990-06-01
27.13,27.97,NA,NA,24.48,NA,NA,1990-07-01
28.08,28.78,NA,NA,25.85,NA,NA,1990-08-01
28.68,28.91,NA,NA,27.9,NA,NA,1990-09-01
28.62,28.69,NA,NA,28.39,NA,NA,1990-10-01
30.21,29.46,NA,NA,32.72,NA,NA,1990-11-01
29.93,29.37,NA,NA,31.76,NA,NA,1990-12-01
27.11,27.89,NA,NA,24.64,NA,NA,1991-01-01
26.46,28.02,NA,NA,21.65,NA,NA,1991-02-01
26.04,27.97,NA,NA,20.14,NA,NA,1991-03-01
25.45,26.88,NA,NA,21.01,NA,NA,1991-04-01
24.51,25.19,NA,NA,22.32,NA,NA,1991-05-01
23.1,23.28,NA,NA,22.53,NA,NA,1991-06-01
21.97,21.94,NA,NA,22.07,NA,NA,1991-07-01
20.76,20.87,NA,NA,20.4,NA,NA,1991-08-01
20.25,20.58,NA,NA,19.15,NA,NA,1991-09-01
19.92,20.31,NA,NA,18.62,NA,NA,1991-10-01
19.72,18.89,NA,NA,22.43,NA,NA,1991-11-01
18.79,17.65,NA,NA,22.47,NA,NA,1991-12-01
17.95,16.71,NA,NA,21.94,NA,NA,1992-01-01
17.3,15.75,NA,NA,22.33,NA,NA,1992-02-01
16.82,15.09,NA,NA,22.5,NA,NA,1992-03-01
16.64,14.9,NA,NA,22.35,NA,NA,1992-04-01
16.28,15.2,NA,NA,19.79,NA,NA,1992-05-01
15.85,15.26,NA,NA,17.77,NA,NA,1992-06-01
15.56,15.18,NA,NA,16.8,NA,NA,1992-07-01
15.46,15.13,NA,NA,16.57,NA,NA,1992-08-01
15.32,14.82,NA,NA,17.01,NA,NA,1992-09-01
14.82,14.01,NA,NA,17.55,NA,NA,1992-10-01
12.96,13.74,NA,NA,10.5,NA,NA,1992-11-01
11.94,12.86,NA,NA,9.09,NA,NA,1992-12-01
11.32,12.21,NA,NA,8.57,NA,NA,1993-01-01
10.91,12.23,NA,NA,6.86,NA,NA,1993-02-01
10.44,12.35,NA,NA,4.57,NA,NA,1993-03-01
10.09,12.06,NA,NA,4.06,NA,NA,1993-04-01
10,11.2,NA,NA,6.21,NA,NA,1993-05-01
9.87,10.58,NA,NA,7.61,NA,NA,1993-06-01
9.7,10.14,NA,NA,8.32,NA,NA,1993-07-01
9.62,9.89,NA,NA,8.75,NA,NA,1993-08-01
9.48,9.54,NA,NA,9.28,NA,NA,1993-09-01
9.14,9.46,NA,NA,8.1,NA,NA,1993-10-01
8.72,9.08,NA,NA,7.55,NA,NA,1993-11-01
8.01,8.42,NA,NA,6.71,NA,NA,1993-12-01
7.5,7.77,NA,NA,6.62,NA,NA,1994-01-01
7.18,7.48,NA,NA,6.19,NA,NA,1994-02-01
7.1,7.18,NA,NA,6.84,NA,NA,1994-03-01
7.01,7.14,NA,NA,6.57,NA,NA,1994-04-01
6.92,7.28,NA,NA,5.72,NA,NA,1994-05-01
6.85,7.38,NA,NA,5.12,NA,NA,1994-06-01
6.81,7.31,NA,NA,5.18,NA,NA,1994-07-01
6.74,7.16,NA,NA,5.35,NA,NA,1994-08-01
6.71,7.18,NA,NA,5.16,NA,NA,1994-09-01
6.83,7.09,NA,NA,5.98,NA,NA,1994-10-01
6.93,7.25,NA,NA,5.87,NA,NA,1994-11-01
7.05,7.68,NA,NA,5,NA,NA,1994-12-01
10.23,10.93,NA,NA,7.94,NA,NA,1995-01-01
14.31,15.04,NA,NA,11.93,NA,NA,1995-02-01
20.43,19.6,NA,NA,22.46,NA,NA,1995-03-01
29.39,27.86,NA,NA,33.55,NA,NA,1995-04-01
34.15,33.41,NA,NA,35.99,NA,NA,1995-05-01
37.72,37.24,NA,NA,38.78,NA,NA,1995-06-01
39.91,39.62,NA,NA,40.34,NA,NA,1995-07-01
41.57,41.51,NA,NA,41.33,NA,NA,1995-08-01
43.48,43.66,NA,NA,42.58,NA,NA,1995-09-01
45.66,45.43,NA,NA,46,NA,NA,1995-10-01
48.46,47.63,NA,NA,50.57,NA,NA,1995-11-01
51.97,50.6,NA,NA,55.57,NA,NA,1995-12-01
51.72,49.94,NA,NA,56.5,NA,NA,1996-01-01
48.95,46.79,NA,NA,55.13,NA,NA,1996-02-01
43.75,43.43,NA,NA,44.68,NA,NA,1996-03-01
36.93,37,NA,NA,36.74,NA,NA,1996-04-01
33.83,32.92,NA,NA,36.49,NA,NA,1996-05-01
31.82,30.74,NA,NA,35.01,NA,NA,1996-06-01
31.03,29.99,NA,NA,34.09,NA,NA,1996-07-01
30.6,29.34,NA,NA,34.38,NA,NA,1996-08-01
30,28.59,NA,NA,34.26,NA,NA,1996-09-01
28.97,27.81,NA,NA,32.42,NA,NA,1996-10-01
27.77,26.77,NA,NA,30.72,NA,NA,1996-11-01
27.7,25.95,NA,NA,32.77,NA,NA,1996-12-01
26.44,25.04,NA,NA,30.44,NA,NA,1997-01-01
25.64,24.26,NA,NA,29.54,NA,NA,1997-02-01
24.46,22.98,NA,NA,28.68,NA,NA,1997-03-01
22.33,21.21,NA,NA,25.52,NA,NA,1997-04-01
21.23,20.57,NA,NA,23.11,NA,NA,1997-05-01
20.35,19.79,NA,NA,21.93,NA,NA,1997-06-01
19.7,18.99,NA,NA,21.72,NA,NA,1997-07-01
19.18,18.35,NA,NA,21.54,NA,NA,1997-08-01
18.76,17.98,NA,NA,21.01,NA,NA,1997-09-01
18.24,17.73,NA,NA,19.68,NA,NA,1997-10-01
17.77,17.49,NA,NA,18.59,NA,NA,1997-11-01
15.72,16.46,NA,NA,13.68,NA,NA,1997-12-01
15.27,15.79,NA,NA,13.85,NA,NA,1998-01-01
15.35,16.02,NA,NA,13.53,NA,NA,1998-02-01
15.27,15.83,NA,NA,13.74,NA,NA,1998-03-01
15.1,15.68,NA,NA,13.51,NA,NA,1998-04-01
14.97,15.44,NA,NA,13.66,NA,NA,1998-05-01
15.31,15.58,NA,NA,14.55,NA,NA,1998-06-01
15.41,15.52,NA,NA,15.11,NA,NA,1998-07-01
15.5,15.78,NA,NA,14.7,NA,NA,1998-08-01
15.92,16.35,NA,NA,14.74,NA,NA,1998-09-01
16.65,16.9,NA,NA,15.96,NA,NA,1998-10-01
17.41,17.08,NA,NA,18.34,NA,NA,1998-11-01
18.61,17.44,NA,NA,21.89,NA,NA,1998-12-01
19.02,18.01,NA,NA,21.8,NA,NA,1999-01-01
18.54,17.89,NA,NA,20.36,NA,NA,1999-02-01
18.26,18.43,NA,NA,17.77,NA,NA,1999-03-01
18.23,18.49,NA,NA,17.51,NA,NA,1999-04-01
18.01,18.37,NA,NA,16.98,NA,NA,1999-05-01
17.39,17.9,NA,NA,15.97,NA,NA,1999-06-01
17.04,17.77,NA,NA,15,NA,NA,1999-07-01
16.58,17.45,NA,NA,14.13,NA,NA,1999-08-01
15.83,16.63,NA,NA,13.53,NA,NA,1999-09-01
14.91,15.85,NA,NA,12.25,NA,NA,1999-10-01
13.92,15.27,NA,NA,10.17,NA,NA,1999-11-01
12.32,14.41,NA,NA,6.69,NA,NA,1999-12-01
11.02,13.17,NA,NA,5.27,NA,NA,2000-01-01
10.52,12.36,NA,NA,5.51,NA,NA,2000-02-01
10.11,11.33,NA,NA,6.71,NA,NA,2000-03-01
9.73,10.59,NA,NA,7.31,NA,NA,2000-04-01
9.48,10.01,NA,NA,7.98,NA,NA,2000-05-01
9.41,9.52,NA,NA,9.09,NA,NA,2000-06-01
9.12,9.17,NA,NA,8.98,NA,NA,2000-07-01
9.1,8.8,NA,NA,9.98,NA,NA,2000-08-01
8.85,8.32,NA,NA,10.4,NA,NA,2000-09-01
8.91,8.11,NA,NA,11.27,NA,NA,2000-10-01
8.87,8.11,NA,NA,11.1,NA,NA,2000-11-01
8.96,7.85,NA,NA,12.17,NA,NA,2000-12-01
8.11,7.26,NA,NA,10.57,NA,NA,2001-01-01
7.09,6.89,NA,NA,7.67,NA,NA,2001-02-01
7.17,6.84,NA,NA,8.15,NA,NA,2001-03-01
7.11,6.79,NA,NA,8.01,NA,NA,2001-04-01
6.95,6.71,NA,NA,7.65,NA,NA,2001-05-01
6.57,6.7,NA,NA,6.21,NA,NA,2001-06-01
5.88,6.51,NA,NA,4.08,NA,NA,2001-07-01
5.93,6.42,NA,NA,4.52,NA,NA,2001-08-01
6.14,6.4,NA,NA,5.38,NA,NA,2001-09-01
5.89,6.12,NA,NA,5.24,NA,NA,2001-10-01
5.39,5.7,NA,NA,4.5,NA,NA,2001-11-01
4.4,5.36,NA,NA,1.75,NA,NA,2001-12-01
4.79,5.1,NA,NA,3.9,NA,NA,2002-01-01
4.79,5.05,NA,NA,4.02,NA,NA,2002-02-01
4.66,4.85,NA,NA,4.1,NA,NA,2002-03-01
4.7,4.72,NA,NA,4.65,NA,NA,2002-04-01
4.68,4.54,NA,NA,5.07,NA,NA,2002-05-01
4.94,4.34,NA,NA,6.69,NA,NA,2002-06-01
5.51,4.32,NA,NA,9.13,NA,NA,2002-07-01
5.29,4.32,NA,NA,8.26,NA,NA,2002-08-01
4.95,4.22,NA,NA,7.13,NA,NA,2002-09-01
4.94,4.2,NA,NA,7.33,NA,NA,2002-10-01
5.39,4.15,NA,NA,9.79,NA,NA,2002-11-01
5.7,4.12,NA,NA,11.33,NA,NA,2002-12-01
5.16,4.06,NA,NA,9.28,NA,NA,2003-01-01
5.52,3.84,NA,NA,11.23,NA,NA,2003-02-01
5.64,3.84,NA,NA,11.92,NA,NA,2003-03-01
5.25,3.83,NA,NA,10.23,NA,NA,2003-04-01
4.7,3.91,NA,NA,7.28,NA,NA,2003-05-01
4.27,3.89,NA,NA,5.65,NA,NA,2003-06-01
4.13,3.89,NA,NA,5,NA,NA,2003-07-01
4.04,3.91,NA,NA,4.52,NA,NA,2003-08-01
4.04,3.73,NA,NA,5.19,NA,NA,2003-09-01
3.96,3.71,NA,NA,4.88,NA,NA,2003-10-01
3.98,3.78,NA,NA,4.7,NA,NA,2003-11-01
3.98,3.87,NA,NA,4.37,NA,NA,2003-12-01
4.2,3.8,NA,NA,5.62,NA,NA,2004-01-01
4.53,3.76,NA,NA,7.33,NA,NA,2004-02-01
4.23,3.72,NA,NA,6.06,NA,NA,2004-03-01
4.21,3.71,NA,NA,6.02,NA,NA,2004-04-01
4.29,3.67,NA,NA,6.55,NA,NA,2004-05-01
4.37,3.83,NA,NA,6.33,NA,NA,2004-06-01
4.49,3.87,NA,NA,6.76,NA,NA,2004-07-01
4.82,3.79,NA,NA,8.63,NA,NA,2004-08-01
5.06,3.89,NA,NA,9.38,NA,NA,2004-09-01
5.4,3.96,NA,NA,10.66,NA,NA,2004-10-01
5.43,3.94,NA,NA,10.73,NA,NA,2004-11-01
5.19,3.92,NA,NA,9.67,NA,NA,2004-12-01
4.54,3.91,NA,NA,6.75,NA,NA,2005-01-01
4.27,3.85,NA,NA,5.73,NA,NA,2005-02-01
4.39,3.77,NA,NA,6.54,NA,NA,2005-03-01
4.6,3.62,NA,NA,8.04,NA,NA,2005-04-01
4.6,3.58,NA,NA,8.24,NA,NA,2005-05-01
4.33,3.56,NA,NA,7.12,NA,NA,2005-06-01
4.47,3.59,NA,NA,7.61,NA,NA,2005-07-01
3.95,3.45,NA,NA,5.72,NA,NA,2005-08-01
3.51,3.35,NA,NA,4.06,NA,NA,2005-09-01
3.05,3.3,NA,NA,2.18,NA,NA,2005-10-01
2.91,3.27,NA,NA,1.72,NA,NA,2005-11-01
3.33,3.27,NA,NA,3.53,NA,NA,2005-12-01
3.94,3.11,NA,NA,6.74,NA,NA,2006-01-01
3.75,3.05,NA,NA,6.14,NA,NA,2006-02-01
3.41,3.16,NA,NA,4.26,NA,NA,2006-03-01
3.2,3.32,NA,NA,2.79,NA,NA,2006-04-01
3,3.26,NA,NA,2.1,NA,NA,2006-05-01
3.18,3.32,NA,NA,2.72,NA,NA,2006-06-01
3.06,3.37,NA,NA,1.99,NA,NA,2006-07-01
3.47,3.41,NA,NA,3.66,NA,NA,2006-08-01
4.09,3.48,NA,NA,6.23,NA,NA,2006-09-01
4.29,3.47,NA,NA,7.15,NA,NA,2006-10-01
4.09,3.53,NA,NA,6,NA,NA,2006-11-01
4.05,3.65,NA,NA,5.42,NA,NA,2006-12-01
3.98,3.9,NA,NA,4.25,NA,NA,2007-01-01
4.11,3.96,NA,NA,4.63,NA,NA,2007-02-01
4.21,3.85,NA,NA,5.41,NA,NA,2007-03-01
3.99,3.7,NA,NA,4.99,NA,NA,2007-04-01
3.95,3.76,NA,NA,4.58,NA,NA,2007-05-01
3.98,3.75,NA,NA,4.81,NA,NA,2007-06-01
4.14,3.79,NA,NA,5.35,NA,NA,2007-07-01
4.03,3.89,NA,NA,4.51,NA,NA,2007-08-01
3.79,3.82,NA,NA,3.69,NA,NA,2007-09-01
3.74,3.92,NA,NA,3.14,NA,NA,2007-10-01
3.93,3.89,NA,NA,4.07,NA,NA,2007-11-01
3.76,3.87,NA,NA,3.39,NA,NA,2007-12-01
3.7,3.84,NA,NA,3.26,NA,NA,2008-01-01
3.72,3.89,NA,NA,3.16,NA,NA,2008-02-01
4.25,4.09,NA,NA,4.77,NA,NA,2008-03-01
4.55,4.3,NA,NA,5.38,NA,NA,2008-04-01
4.95,4.59,NA,NA,6.18,NA,NA,2008-05-01
5.26,4.78,NA,NA,6.9,NA,NA,2008-06-01
5.39,4.88,NA,NA,7.16,NA,NA,2008-07-01
5.57,5.03,NA,NA,7.43,NA,NA,2008-08-01
5.47,5.14,NA,NA,6.59,NA,NA,2008-09-01
5.78,5.1,NA,NA,8.08,NA,NA,2008-10-01
6.23,5.34,NA,NA,9.19,NA,NA,2008-11-01
6.53,5.54,NA,NA,9.8,NA,NA,2008-12-01
6.28,5.54,NA,NA,8.72,NA,NA,2009-01-01
6.2,5.58,NA,NA,8.26,NA,NA,2009-02-01
6.04,5.61,NA,NA,7.47,NA,NA,2009-03-01
6.17,5.64,NA,NA,7.93,NA,NA,2009-04-01
5.98,5.35,NA,NA,8.12,NA,NA,2009-05-01
5.74,5.12,NA,NA,7.83,NA,NA,2009-06-01
5.44,5.02,NA,NA,6.84,NA,NA,2009-07-01
5.08,4.75,NA,NA,6.19,NA,NA,2009-08-01
4.89,4.55,NA,NA,6.03,NA,NA,2009-09-01
4.5,4.59,NA,NA,4.2,NA,NA,2009-10-01
3.86,4.27,NA,NA,2.56,NA,NA,2009-11-01
3.57,4.16,NA,NA,1.72,NA,NA,2009-12-01
4.46,4.48,NA,NA,4.38,NA,NA,2010-01-01
4.83,4.43,NA,NA,6.13,NA,NA,2010-02-01
4.97,4.26,NA,NA,7.27,NA,NA,2010-03-01
4.27,3.93,NA,NA,5.38,NA,NA,2010-04-01
3.92,3.96,NA,NA,3.76,NA,NA,2010-05-01
3.69,3.85,NA,NA,3.19,NA,NA,2010-06-01
3.64,3.74,NA,NA,3.28,NA,NA,2010-07-01
3.68,3.69,NA,NA,3.64,NA,NA,2010-08-01
3.7,3.65,NA,NA,3.86,NA,NA,2010-09-01
4.02,3.51,NA,NA,5.7,NA,NA,2010-10-01
4.32,3.61,NA,NA,6.61,NA,NA,2010-11-01
4.4,3.58,NA,NA,7.09,NA,NA,2010-12-01
3.78,3.27,NA,NA,5.39,NA,NA,2011-01-01
3.57,3.26,NA,NA,4.53,NA,NA,2011-02-01
3.04,3.21,NA,NA,2.46,NA,NA,2011-03-01
3.36,3.18,NA,NA,3.9,NA,NA,2011-04-01
3.25,3.12,NA,NA,3.45,NA,NA,2011-05-01
3.28,3.18,NA,NA,3.34,NA,NA,2011-06-01
3.55,3.19,NA,NA,4.51,NA,NA,2011-07-01
3.42,3.22,4.39,2.24,3.9,4.37,3.58,2011-08-01
3.14,3.12,4.42,2.03,2.98,2.09,3.5,2011-09-01
3.2,3.19,4.33,2.24,3.09,0.79,4.37,2011-10-01
3.48,3.28,4.32,2.41,4.13,0.87,5.85,2011-11-01
3.82,3.35,4.52,2.4,5.34,3.73,6.19,2011-12-01
4.05,3.34,4.64,2.28,6.38,7.37,5.82,2012-01-01
3.87,3.37,4.75,2.23,5.53,5.45,5.58,2012-02-01
3.73,3.31,4.51,2.32,5.12,5.06,5.16,2012-03-01
3.41,3.39,4.48,2.48,3.49,0.86,5,2012-04-01
3.85,3.48,4.5,2.63,5.15,5.6,4.89,2012-05-01
4.34,3.5,4.66,2.54,7.26,11.29,5.02,2012-06-01
4.42,3.59,4.91,2.5,7.3,11.27,5.02,2012-07-01
4.57,3.7,5.23,2.43,7.58,11.76,5.19,2012-08-01
4.77,3.61,5.24,2.25,8.81,16.02,4.73,2012-09-01
4.6,3.58,5.17,2.25,8.07,15.6,3.93,2012-10-01
4.18,3.3,5.22,1.7,7.09,13.02,3.94,2012-11-01
3.57,2.9,5,1.15,5.74,9.18,3.84,2012-12-01
3.25,2.88,4.37,1.62,4.47,5.51,3.89,2013-01-01
3.55,2.96,3.86,2.21,5.47,7.48,4.36,2013-02-01
4.25,3.02,3.81,2.35,8.29,14.29,5.02,2013-03-01
4.65,2.95,3.63,2.37,10.32,17.25,6.47,2013-04-01
4.63,2.88,3.49,2.36,10.56,15.3,7.75,2013-05-01
4.09,2.79,3.14,2.49,8.39,8.99,8.06,2013-06-01
3.47,2.5,2.64,2.38,6.6,4.22,8.12,2013-07-01
3.46,2.37,2.51,2.24,7.01,5.19,8.16,2013-08-01
3.39,2.52,2.59,2.45,6.2,2.33,8.66,2013-09-01
3.36,2.48,2.41,2.54,6.18,1.67,9.07,2013-10-01
3.62,2.56,1.99,3.06,7.02,5.53,8.01,2013-11-01
3.97,2.78,1.89,3.54,7.84,6.67,8.65,2013-12-01
4.48,3.21,2.93,3.47,8.58,6.21,10.13,2014-01-01
4.23,2.98,2.91,3.05,8.28,5.43,10.12,2014-02-01
3.76,2.89,2.88,2.9,6.54,1.49,9.73,2014-03-01
3.5,3.11,2.97,3.23,4.75,-1.13,8.52,2014-04-01
3.51,3,3.08,2.94,5.19,0.67,8.14,2014-05-01
3.75,3.09,3.24,2.96,5.96,3.37,7.59,2014-06-01
4.07,3.25,3.37,3.15,6.83,5.78,7.47,2014-07-01
4.15,3.37,3.56,3.22,6.72,6.22,7.03,2014-08-01
4.22,3.34,3.46,3.24,7.11,7.57,6.82,2014-09-01
4.3,3.32,3.53,3.14,7.51,8.46,6.93,2014-10-01
4.17,3.34,3.68,3.06,6.78,7.04,6.62,2014-11-01
4.08,3.24,3.5,3.03,6.7,8.61,5.55,2014-12-01
3.07,2.34,2.43,2.26,5.34,8.5,3.49,2015-01-01
3,2.4,2.64,2.2,4.88,8.32,2.9,2015-02-01
3.14,2.45,2.6,2.32,5.29,8.34,3.52,2015-03-01
3.06,2.31,2.65,2.03,5.46,9.86,2.89,2015-04-01
2.88,2.33,2.44,2.23,4.64,7.5,2.9,2015-05-01
2.87,2.33,2.48,2.2,4.63,7.67,2.8,2015-06-01
2.74,2.31,2.47,2.18,4.12,6.94,2.42,2015-07-01
2.59,2.3,2.36,2.25,3.51,5.14,2.51,2015-08-01
2.52,2.38,2.54,2.24,2.96,3.98,2.33,2015-09-01
2.48,2.47,2.73,2.25,2.52,3.91,1.68,2015-10-01
2.21,2.34,2.79,1.95,1.84,2.7,1.33,2015-11-01
2.13,2.41,2.82,2.07,1.28,1.72,1,2015-12-01
2.61,2.64,2.86,2.46,2.52,5.27,0.84,2016-01-01
2.87,2.66,3.02,2.36,3.49,8.08,0.71,2016-02-01
2.6,2.76,3.23,2.37,2.12,6.21,-0.37,2016-03-01
2.54,2.83,3.37,2.37,1.66,4.46,-0.09,2016-04-01
2.6,2.93,3.55,2.41,1.55,5.1,-0.71,2016-05-01
2.54,2.97,3.61,2.44,1.16,3.87,-0.56,2016-06-01
2.65,2.97,3.71,2.36,1.65,2.97,0.81,2016-07-01
2.73,2.96,3.76,2.29,1.99,3.09,1.29,2016-08-01
2.97,3.07,3.92,2.36,2.65,5.34,0.94,2016-09-01
3.06,3.1,3.97,2.36,2.95,5.25,1.52,2016-10-01
3.31,3.29,3.91,2.77,3.34,5.56,1.99,2016-11-01
3.36,3.44,4.05,2.92,3.13,4.15,2.49,2016-12-01
4.72,3.84,4.75,3.07,7.4,0.53,11.8,2017-01-01
4.86,4.26,5.39,3.29,6.71,-2.14,12.48,2017-02-01
5.35,4.48,5.85,3.32,8.02,1.02,12.56,2017-03-01
5.82,4.72,6.05,3.59,9.25,4.36,12.44,2017-04-01
6.16,4.78,6.29,3.5,10.6,6.43,13.41,2017-05-01
6.31,4.83,6.33,3.56,11.09,8.42,12.86,2017-06-01
6.44,4.94,6.42,3.68,11.27,11.98,10.81,2017-07-01
6.66,5,6.51,3.72,11.98,13.89,10.76,2017-08-01
6.35,4.8,6.17,3.63,11.28,10.4,11.86,2017-09-01
6.37,4.77,5.97,3.75,11.4,8.37,13.36,2017-10-01
6.63,4.9,6.19,3.79,11.97,8.84,13.94,2017-11-01
6.77,4.87,6.17,3.76,12.62,9.75,14.44,2017-12-01
5.55,4.56,5.78,3.52,8.44,10.76,7.1,2018-01-01
5.34,4.27,5.18,3.49,8.49,9.69,7.81,2018-02-01
5.04,4.02,4.64,3.49,8.03,7.74,8.19,2018-03-01
4.55,3.71,4.35,3.15,7.07,5.24,8.18,2018-04-01
4.51,3.69,4.07,3.36,6.99,2.87,9.59,2018-05-01
4.65,3.62,3.88,3.38,7.79,2.11,11.4,2018-06-01
4.81,3.63,3.99,3.33,8.38,1.53,12.86,2018-07-01
4.9,3.63,3.9,3.36,8.8,1.37,13.69,2018-08-01
5.02,3.67,3.95,3.38,9.15,1.22,14.47,2018-09-01
4.9,3.73,3.98,3.48,8.5,2.43,12.62,2018-10-01
4.72,3.63,3.9,3.37,8.07,4.78,10.3,2018-11-01
4.83,3.68,3.92,3.47,8.4,7.06,9.1,2018-12-01
4.37,3.6,3.66,3.51,6.81,7.41,6.26,2019-01-01
3.94,3.54,3.61,3.43,5.25,4.8,5.73,2019-02-01
4,3.55,3.71,3.38,5.47,3.7,6.86,2019-03-01
4.41,3.87,3.74,3.97,6.08,4.77,7.01,2019-04-01
4.28,3.77,3.82,3.69,5.78,6.08,5.5,2019-05-01
3.95,3.85,3.92,3.75,4.19,6.23,2.83,2019-06-01
3.78,3.82,3.85,3.79,3.64,6.33,1.73,2019-07-01
3.16,3.78,3.76,3.79,1.28,2.78,0.2,2019-08-01
3,3.75,3.77,3.73,0.71,2.98,-0.9,2019-09-01
3.02,3.68,3.78,3.58,1.01,3.82,-0.91,2019-10-01
2.97,3.65,3.63,3.67,0.98,2.18,0.14,2019-11-01
2.83,3.59,3.56,3.64,0.59,-0.03,1.04,2019-12-01
3.24,3.73,3.92,3.51,1.81,1.44,2.08,2020-01-01
3.7,3.66,3.82,3.48,3.81,7.82,1.01,2020-02-01
3.25,3.6,3.83,3.35,2.19,9.96,-3.13,2020-03-01
2.15,3.5,4.11,2.84,-1.96,8.52,-9.35,2020-04-01
2.84,3.64,4.3,2.93,0.35,9.79,-6.51,2020-05-01
3.33,3.71,4.69,2.65,2.16,7.69,-1.9,2020-06-01
3.62,3.85,5.19,2.4,2.92,5.55,0.95,2020-07-01
4.05,3.97,5.36,2.46,4.3,8.09,1.5,2020-08-01
4.01,3.99,5.4,2.45,4.1,8.16,1.11,2020-09-01
4.09,3.98,5.44,2.4,4.42,9.61,0.68,2020-10-01
3.33,3.66,4.99,2.22,2.33,7.2,-1.13,2020-11-01
3.15,3.8,5.52,1.95,1.18,3.96,-0.81,2020-12-01
