Entidad federativa,Grupo quinquenal de edad,Total-2005,Hombres-2005,Mujeres-2005,Total-2010,Hombres-2010,Mujeres-2010,Total-2020,Hombres-2020,Mujeres-2020
Estados Unidos Mexicanos,Total,  103 263 388,  50 249 955,  53 013 433,  112 336 538,  54 855 231,  57 481 307,  126 014 024,  61 473 390,  64 540 634
,0 a 4 años,  10 186 243,  5 175 913,  5 010 330,  10 528 322,  5 346 943,  5 181 379,  10 047 365,  5 077 482,  4 969 883
,5 a 9 años,  10 511 738,  5 339 127,  5 172 611,  11 047 537,  5 604 175,  5 443 362,  10 764 379,  5 453 091,  5 311 288
,10 a 14 años,  10 952 123,  5 545 910,  5 406 213,  10 939 937,  5 547 613,  5 392 324,  10 943 540,  5 554 260,  5 389 280
,15 a 19 años,  10 109 021,  4 995 906,  5 113 115,  11 026 112,  5 520 121,  5 505 991,  10 806 690,  5 462 150,  5 344 540
,20 a 24 años,  8 964 629,  4 253 440,  4 711 189,  9 892 271,  4 813 204,  5 079 067,  10 422 095,  5 165 884,  5 256 211
,25 a 29 años,  8 103 358,  3 805 724,  4 297 634,  8 788 177,  4 205 975,  4 582 202,  9 993 001,  4 861 404,  5 131 597
,30 a 34 años,  7 933 951,  3 745 974,  4 187 977,  8 470 798,  4 026 031,  4 444 767,  9 420 827,  4 527 726,  4 893 101
,35 a 39 años,  7 112 526,  3 371 372,  3 741 154,  8 292 987,  3 964 738,  4 328 249,  9 020 276,  4 331 530,  4 688 746
,40 a 44 años,  6 017 268,  2 871 549,  3 145 719,  7 009 226,  3 350 322,  3 658 904,  8 503 586,  4 062 304,  4 441 282
,45 a 49 años,  5 015 255,  2 388 149,  2 627 106,  5 928 730,  2 824 364,  3 104 366,  7 942 413,  3 812 344,  4 130 069
,50 a 54 años,  4 090 650,  1 959 720,  2 130 930,  5 064 291,  2 402 451,  2 661 840,  7 037 532,  3 332 163,  3 705 369
,55 a 59 años,  3 117 071,  1 497 981,  1 619 090,  3 895 365,  1 869 537,  2 025 828,  5 695 958,  2 692 976,  3 002 982
,60 a 64 años,  2 622 476,  1 243 788,  1 378 688,  3 116 466,  1 476 667,  1 639 799,  4 821 062,  2 257 862,  2 563 200
,65 a 69 años,  1 958 069,   922 592,  1 035 477,  2 317 265,  1 095 273,  1 221 992,  3 645 077,  1 706 850,  1 938 227
,70 a 74 años,  1 496 691,   703 277,   793 414,  1 873 934,   873 893,  1 000 041,  2 647 340,  1 233 492,  1 413 848
,75 a 79 años,  1 048 315,   490 840,   557 475,  1 245 483,   579 689,   665 794,  1 814 582,   847 898,   966 684
,80 a 84 años,   657 011,   296 351,   360 660,   798 936,   355 277,   443 659,  1 175 364,   523 812,   651 552
,85 a 89 años,   345 154,   150 617,   194 537,   454 164,   197 461,   256 703,   659 245,   283 351,   375 894
,90 a 94 años,   132 325,   54 391,   77 934,   164 924,   68 130,   96 794,   266 806,   107 358,   159 448
,95 a 99 años,   61 145,   24 439,   36 706,   65 732,   25 920,   39 812,   95 205,   36 615,   58 590
,100 años y más,   17 649,   6 696,   10 953,   18 475,   7 228,   11 247,   18 295,   6 644,   11 651
,No especificado,  2 810 720,  1 406 199,  1 404 521,  1 397 406,   700 219,   697 187,   273 386,   136 194,   137 192
Aguascalientes,Total,  1 065 416,   515 364,   550 052,  1 184 996,   576 638,   608 358,  1 425 607,   696 683,   728 924
,0 a 4 años,   118 536,   60 406,   58 130,   121 557,   61 941,   59 616,   124 430,   62 978,   61 452
,5 a 9 años,   120 130,   60 900,   59 230,   128 874,   65 572,   63 302,   131 048,   66 359,   64 689
,10 a 14 años,   120 280,   60 816,   59 464,   123 806,   62 615,   61 191,   129 717,   66 080,   63 637
,15 a 19 años,   107 007,   52 748,   54 259,   121 428,   60 636,   60 792,   131 967,   66 903,   65 064
,20 a 24 años,   93 139,   43 716,   49 423,   106 305,   51 431,   54 874,   127 020,   63 154,   63 866
,25 a 29 años,   83 073,   38 437,   44 636,   93 604,   44 568,   49 036,   118 426,   58 141,   60 285
,30 a 34 años,   82 651,   38 373,   44 278,   88 726,   41 962,   46 764,   106 825,   51 651,   55 174
,35 a 39 años,   73 006,   34 068,   38 938,   86 254,   40 569,   45 685,   99 257,   47 774,   51 483
,40 a 44 años,   61 553,   29 044,   32 509,   73 084,   34 381,   38 703,   92 378,   43 839,   48 539
,45 a 49 años,   49 233,   23 155,   26 078,   60 198,   28 420,   31 778,   84 669,   40 163,   44 506
,50 a 54 años,   39 222,   18 636,   20 586,   49 980,   23 436,   26 544,   74 121,   34 611,   39 510
,55 a 59 años,   29 196,   13 802,   15 394,   37 543,   17 960,   19 583,   58 865,   27 608,   31 257
,60 a 64 años,   23 168,   10 959,   12 209,   29 258,   13 686,   15 572,   48 306,   22 435,   25 871
,65 a 69 años,   16 290,   7 509,   8 781,   21 004,   9 895,   11 109,   35 823,   16 698,   19 125
,70 a 74 años,   12 912,   5 935,   6 977,   15 254,   6 967,   8 287,   25 586,   11 782,   13 804
,75 a 79 años,   9 203,   4 193,   5 010,   10 673,   4 862,   5 811,   16 581,   7 739,   8 842
,80 a 84 años,   6 155,   2 668,   3 487,   7 228,   3 094,   4 134,   10 186,   4 397,   5 789
,85 a 89 años,   3 140,   1 384,   1 756,   4 061,   1 780,   2 281,   5 576,   2 360,   3 216
,90 a 94 años,   1 302,542,760,   1 467,605,862,   2 410,942,   1 468
,95 a 99 años,503,197,306,551,229,322,796,284,512
,100 años y más,98,41,57,109,45,64,112,36,76
,No especificado,   15 619,   7 835,   7 784,   4 032,   1 984,   2 048,   1 508,749,759
Baja California,Total,  2 844 469,  1 431 789,  1 412 680,  3 155 070,  1 591 610,  1 563 460,  3 769 020,  1 900 589,  1 868 431
,0 a 4 años,   267 954,   136 245,   131 709,   293 234,   149 167,   144 067,   266 301,   134 410,   131 891
,5 a 9 años,   277 635,   141 538,   136 097,   303 180,   153 886,   149 294,   299 654,   152 609,   147 045
,10 a 14 años,   267 938,   136 669,   131 269,   305 472,   155 483,   149 989,   312 348,   159 306,   153 042
,15 a 19 años,   255 309,   129 298,   126 011,   299 195,   152 077,   147 118,   315 639,   161 298,   154 341
,20 a 24 años,   246 968,   123 808,   123 160,   286 479,   144 597,   141 882,   340 359,   173 450,   166 909
,25 a 29 años,   241 951,   120 390,   121 561,   265 428,   133 546,   131 882,   328 244,   166 250,   161 994
,30 a 34 años,   240 879,   121 987,   118 892,   264 023,   132 857,   131 166,   302 389,   152 164,   150 225
,35 a 39 años,   208 125,   106 746,   101 379,   264 063,   135 331,   128 732,   292 069,   148 169,   143 900
,40 a 44 años,   164 598,   83 803,   80 795,   215 049,   110 722,   104 327,   273 611,   138 332,   135 279
,45 a 49 años,   128 512,   64 198,   64 314,   171 104,   86 928,   84 176,   260 844,   134 187,   126 657
,50 a 54 años,   99 356,   49 179,   50 177,   136 690,   68 093,   68 597,   221 388,   112 789,   108 599
,55 a 59 años,   71 624,   35 077,   36 547,   97 874,   48 250,   49 624,   168 653,   84 778,   83 875
,60 a 64 años,   56 711,   27 276,   29 435,   75 229,   36 151,   39 078,   134 022,   65 287,   68 735
,65 a 69 años,   40 660,   19 468,   21 192,   52 560,   25 086,   27 474,   94 704,   44 982,   49 722
,70 a 74 años,   28 923,   13 866,   15 057,   37 742,   17 956,   19 786,   65 425,   30 812,   34 613
,75 a 79 años,   18 815,   8 983,   9 832,   24 055,   11 223,   12 832,   40 874,   18 833,   22 041
,80 a 84 años,   11 375,   5 240,   6 135,   14 744,   6 578,   8 166,   25 204,   11 060,   14 144
,85 a 89 años,   5 453,   2 363,   3 090,   7 764,   3 360,   4 404,   12 451,   5 277,   7 174
,90 a 94 años,   1 987,717,   1 270,   2 641,   1 079,   1 562,   4 858,   1 897,   2 961
,95 a 99 años,792,274,518,913,314,599,   1 512,522,990
,100 años y más,172,58,114,206,57,149,252,81,171
,No especificado,   208 732,   104 606,   104 126,   37 425,   18 869,   18 556,   8 219,   4 096,   4 123
Baja California Sur,Total,   512 170,   261 288,   250 882,   637 026,   325 433,   311 593,   798 447,   405 879,   392 568
,0 a 4 años,   49 069,   25 004,   24 065,   60 758,   30 840,   29 918,   62 455,   31 479,   30 976
,5 a 9 años,   49 164,   25 216,   23 948,   60 334,   30 636,   29 698,   66 933,   33 962,   32 971
,10 a 14 años,   48 106,   24 492,   23 614,   57 380,   29 340,   28 040,   67 665,   34 455,   33 210
,15 a 19 años,   46 700,   24 156,   22 544,   57 713,   29 730,   27 983,   65 469,   33 788,   31 681
,20 a 24 años,   46 222,   23 777,   22 445,   58 690,   30 273,   28 417,   66 743,   34 418,   32 325
,25 a 29 años,   45 939,   23 376,   22 563,   57 525,   29 600,   27 925,   68 798,   35 046,   33 752
,30 a 34 años,   43 628,   22 203,   21 425,   56 159,   28 734,   27 425,   67 779,   34 653,   33 126
,35 a 39 años,   38 197,   19 506,   18 691,   52 235,   26 810,   25 425,   64 927,   33 289,   31 638
,40 a 44 años,   31 526,   15 928,   15 598,   42 163,   21 760,   20 403,   59 389,   30 390,   28 999
,45 a 49 años,   25 121,   12 756,   12 365,   34 308,   17 451,   16 857,   51 771,   26 718,   25 053
,50 a 54 años,   19 430,   10 087,   9 343,   28 122,   14 297,   13 825,   43 337,   21 910,   21 427
,55 a 59 años,   13 781,   7 152,   6 629,   20 188,   10 384,   9 804,   33 731,   16 905,   16 826
,60 a 64 años,   10 783,   5 510,   5 273,   14 895,   7 573,   7 322,   27 095,   13 415,   13 680
,65 a 69 años,   7 544,   3 848,   3 696,   10 279,   5 225,   5 054,   19 274,   9 587,   9 687
,70 a 74 años,   5 254,   2 626,   2 628,   7 012,   3 480,   3 532,   12 545,   6 165,   6 380
,75 a 79 años,   3 488,   1 706,   1 782,   4 598,   2 283,   2 315,   8 166,   3 984,   4 182
,80 a 84 años,   2 154,992,   1 162,   2 805,   1 284,   1 521,   4 649,   2 134,   2 515
,85 a 89 años,   1 168,483,685,   1 589,677,912,   2 556,   1 165,   1 391
,90 a 94 años,440,160,280,655,265,390,936,367,569
,95 a 99 años,177,76,101,223,82,141,332,118,214
,100 años y más,45,18,27,58,27,31,55,18,37
,No especificado,   24 234,   12 216,   12 018,   9 337,   4 682,   4 655,   3 842,   1 913,   1 929
Campeche,Total,   754 730,   373 457,   381 273,   822 441,   407 721,   414 720,   928 363,   456 939,   471 424
,0 a 4 años,   73 461,   37 327,   36 134,   76 925,   39 317,   37 608,   78 935,   39 817,   39 118
,5 a 9 años,   79 199,   40 040,   39 159,   78 299,   39 758,   38 541,   82 015,   41 624,   40 391
,10 a 14 años,   83 597,   42 346,   41 251,   81 314,   41 146,   40 168,   80 168,   41 047,   39 121
,15 a 19 años,   77 485,   38 458,   39 027,   82 920,   41 693,   41 227,   76 140,   38 468,   37 672
,20 a 24 años,   70 006,   33 347,   36 659,   76 388,   37 219,   39 169,   75 556,   37 277,   38 279
,25 a 29 años,   62 455,   29 579,   32 876,   68 197,   32 562,   35 635,   72 798,   35 046,   37 752
,30 a 34 años,   59 665,   28 481,   31 184,   64 927,   30 991,   33 936,   72 709,   34 557,   38 152
,35 a 39 años,   52 899,   25 770,   27 129,   61 896,   30 049,   31 847,   70 275,   33 611,   36 664
,40 a 44 años,   43 896,   21 696,   22 200,   50 522,   24 853,   25 669,   64 170,   30 761,   33 409
,45 a 49 años,   36 152,   17 881,   18 271,   42 811,   21 000,   21 811,   57 628,   28 036,   29 592
,50 a 54 años,   29 746,   14 818,   14 928,   35 658,   17 658,   18 000,   50 254,   24 392,   25 862
,55 a 59 años,   21 475,   10 823,   10 652,   28 316,   14 154,   14 162,   40 805,   19 857,   20 948
,60 a 64 años,   17 979,   9 081,   8 898,   21 379,   10 611,   10 768,   32 778,   16 020,   16 758
,65 a 69 años,   12 827,   6 339,   6 488,   15 079,   7 595,   7 484,   25 796,   12 530,   13 266
,70 a 74 años,   9 830,   5 097,   4 733,   12 890,   6 468,   6 422,   17 559,   8 668,   8 891
,75 a 79 años,   7 153,   3 780,   3 373,   8 320,   4 276,   4 044,   11 916,   5 984,   5 932
,80 a 84 años,   4 407,   2 250,   2 157,   5 254,   2 687,   2 567,   7 536,   3 718,   3 818
,85 a 89 años,   2 579,   1 333,   1 246,   3 209,   1 620,   1 589,   4 413,   2 113,   2 300
,90 a 94 años,890,451,439,   1 127,573,554,   1 768,832,936
,95 a 99 años,405,234,171,479,223,256,701,353,348
,100 años y más,140,73,67,142,75,67,149,78,71
,No especificado,   8 484,   4 253,   4 231,   6 389,   3 193,   3 196,   4 294,   2 150,   2 144
Coahuila de Zaragoza,Total,  2 495 200,  1 236 880,  1 258 320,  2 748 391,  1 364 197,  1 384 194,  3 146 771,  1 563 669,  1 583 102
,0 a 4 años,   249 590,   126 956,   122 634,   258 246,   131 289,   126 957,   279 912,   141 812,   138 100
,5 a 9 años,   257 277,   130 816,   126 461,   270 736,   137 858,   132 878,   276 224,   140 417,   135 807
,10 a 14 años,   257 591,   130 729,   126 862,   268 193,   136 153,   132 040,   268 144,   136 301,   131 843
,15 a 19 años,   231 405,   116 757,   114 648,   261 942,   132 477,   129 465,   269 284,   136 850,   132 434
,20 a 24 años,   214 562,   107 233,   107 329,   230 132,   115 443,   114 689,   264 313,   133 659,   130 654
,25 a 29 años,   206 859,   101 494,   105 365,   210 236,   104 230,   106 006,   245 917,   122 570,   123 347
,30 a 34 años,   205 193,   99 340,   105 853,   216 325,   106 088,   110 237,   224 329,   110 882,   113 447
,35 a 39 años,   180 228,   87 416,   92 812,   211 770,   103 371,   108 399,   219 634,   109 371,   110 263
,40 a 44 años,   152 496,   74 035,   78 461,   177 554,   86 374,   91 180,   218 687,   106 991,   111 696
,45 a 49 años,   126 257,   61 359,   64 898,   150 271,   72 906,   77 365,   205 202,   100 846,   104 356
,50 a 54 años,   100 907,   49 273,   51 634,   125 961,   60 909,   65 052,   178 214,   86 423,   91 791
,55 a 59 años,   77 889,   38 342,   39 547,   95 121,   46 924,   48 197,   142 215,   69 115,   73 100
,60 a 64 años,   64 043,   30 923,   33 120,   77 527,   37 467,   40 060,   118 950,   57 307,   61 643
,65 a 69 años,   47 679,   22 958,   24 721,   55 667,   26 827,   28 840,   84 422,   40 630,   43 792
,70 a 74 años,   34 186,   16 539,   17 647,   42 832,   20 407,   22 425,   61 684,   29 458,   32 226
,75 a 79 años,   23 529,   11 268,   12 261,   27 610,   13 197,   14 413,   39 801,   18 836,   20 965
,80 a 84 años,   13 768,   6 248,   7 520,   17 076,   7 645,   9 431,   24 851,   11 199,   13 652
,85 a 89 años,   6 882,   3 081,   3 801,   9 002,   3 900,   5 102,   12 495,   5 503,   6 992
,90 a 94 años,   2 396,967,   1 429,   2 959,   1 238,   1 721,   4 712,   1 826,   2 886
,95 a 99 años,   1 056,393,663,   1 008,385,623,   1 408,529,879
,100 años y más,225,84,141,263,91,172,214,70,144
,No especificado,   41 182,   20 669,   20 513,   37 960,   19 018,   18 942,   6 159,   3 074,   3 085
Colima,Total,   567 996,   280 005,   287 991,   650 555,   322 790,   327 765,   731 391,   360 622,   370 769
,0 a 4 años,   51 929,   26 388,   25 541,   58 263,   29 676,   28 587,   52 313,   26 532,   25 781
,5 a 9 años,   53 742,   27 734,   26 008,   59 869,   30 334,   29 535,   60 049,   30 646,   29 403
,10 a 14 años,   56 990,   29 280,   27 710,   59 473,   30 707,   28 766,   60 801,   30 952,   29 849
,15 a 19 años,   56 534,   28 076,   28 458,   62 323,   31 543,   30 780,   60 663,   30 667,   29 996
,20 a 24 años,   50 049,   24 135,   25 914,   60 070,   29 487,   30 583,   59 343,   29 637,   29 706
,25 a 29 años,   44 660,   21 164,   23 496,   53 136,   25 994,   27 142,   58 035,   28 584,   29 451
,30 a 34 años,   44 016,   21 077,   22 939,   50 521,   24 590,   25 931,   57 436,   27 688,   29 748
,35 a 39 años,   39 605,   18 850,   20 755,   48 863,   23 868,   24 995,   54 566,   26 634,   27 932
,40 a 44 años,   34 968,   16 970,   17 998,   41 432,   20 101,   21 331,   51 179,   24 786,   26 393
,45 a 49 años,   28 969,   14 171,   14 798,   35 812,   17 505,   18 307,   47 133,   23 147,   23 986
,50 a 54 años,   23 348,   11 439,   11 909,   30 917,   15 247,   15 670,   41 541,   20 037,   21 504
,55 a 59 años,   17 614,   8 732,   8 882,   23 301,   11 581,   11 720,   34 819,   16 843,   17 976
,60 a 64 años,   14 442,   7 075,   7 367,   18 355,   8 939,   9 416,   29 795,   14 473,   15 322
,65 a 69 años,   10 530,   5 110,   5 420,   13 806,   6 765,   7 041,   22 071,   10 602,   11 469
,70 a 74 años,   7 947,   3 836,   4 111,   10 239,   4 918,   5 321,   16 086,   7 710,   8 376
,75 a 79 años,   5 679,   2 765,   2 914,   6 976,   3 375,   3 601,   10 803,   5 101,   5 702
,80 a 84 años,   3 908,   1 821,   2 087,   4 565,   2 050,   2 515,   6 859,   3 103,   3 756
,85 a 89 años,   2 327,   1 060,   1 267,   2 906,   1 352,   1 554,   3 623,   1 561,   2 062
,90 a 94 años,946,435,511,   1 259,531,728,   1 571,655,916
,95 a 99 años,416,183,233,499,228,271,601,236,365
,100 años y más,121,61,60,123,65,58,148,53,95
,No especificado,   19 256,   9 643,   9 613,   7 847,   3 934,   3 913,   1 956,975,981
Chiapas,Total,  4 293 459,  2 108 830,  2 184 629,  4 796 580,  2 352 807,  2 443 773,  5 543 828,  2 705 947,  2 837 881
,0 a 4 años,   490 058,   248 713,   241 345,   540 459,   273 660,   266 799,   574 152,   288 911,   285 241
,5 a 9 años,   512 440,   260 077,   252 363,   554 692,   280 057,   274 635,   612 792,   308 758,   304 034
,10 a 14 años,   537 725,   271 971,   265 754,   549 896,   279 274,   270 622,   583 132,   295 114,   288 018
,15 a 19 años,   471 331,   230 408,   240 923,   530 233,   262 407,   267 826,   526 577,   262 521,   264 056
,20 a 24 años,   383 455,   179 238,   204 217,   438 019,   207 582,   230 437,   464 523,   223 732,   240 791
,25 a 29 años,   324 289,   150 453,   173 836,   366 537,   170 660,   195 877,   424 403,   198 455,   225 948
,30 a 34 años,   283 522,   132 962,   150 560,   335 370,   157 234,   178 136,   396 045,   184 761,   211 284
,35 a 39 años,   257 320,   121 598,   135 722,   307 983,   145 306,   162 677,   372 863,   174 270,   198 593
,40 a 44 años,   210 437,   102 657,   107 780,   246 620,   119 049,   127 571,   329 204,   156 472,   172 732
,45 a 49 años,   176 142,   86 422,   89 720,   212 924,   103 387,   109 537,   284 333,   135 809,   148 524
,50 a 54 años,   139 301,   69 845,   69 456,   174 407,   85 517,   88 890,   243 848,   117 157,   126 691
,55 a 59 años,   103 667,   51 992,   51 675,   137 559,   69 026,   68 533,   196 355,   94 905,   101 450
,60 a 64 años,   98 728,   48 847,   49 881,   110 499,   54 902,   55 597,   158 726,   77 668,   81 058
,65 a 69 años,   63 469,   31 538,   31 931,   78 922,   38 302,   40 620,   125 777,   62 035,   63 742
,70 a 74 años,   46 845,   24 124,   22 721,   68 500,   34 470,   34 030,   85 855,   43 119,   42 736
,75 a 79 años,   31 858,   16 440,   15 418,   39 750,   20 238,   19 512,   63 158,   31 971,   31 187
,80 a 84 años,   19 141,   9 728,   9 413,   24 678,   12 299,   12 379,   38 245,   19 047,   19 198
,85 a 89 años,   10 593,   5 355,   5 238,   13 513,   6 572,   6 941,   21 839,   10 638,   11 201
,90 a 94 años,   4 097,   1 993,   2 104,   5 569,   2 754,   2 815,   8 853,   4 300,   4 553
,95 a 99 años,   2 352,   1 175,   1 177,   2 583,   1 226,   1 357,   3 855,   1 752,   2 103
,100 años y más,   1 267,615,652,   1 467,726,741,   1 449,651,798
,No especificado,   125 422,   62 679,   62 743,   56 400,   28 159,   28 241,   27 844,   13 901,   13 943
Chihuahua,Total,  3 241 444,  1 610 275,  1 631 169,  3 406 465,  1 692 545,  1 713 920,  3 741 869,  1 853 822,  1 888 047
,0 a 4 años,   320 384,   162 947,   157 437,   322 676,   163 607,   159 069,   291 286,   147 610,   143 676
,5 a 9 años,   324 350,   164 698,   159 652,   335 064,   170 477,   164 587,   317 322,   161 182,   156 140
,10 a 14 años,   322 642,   163 733,   158 909,   324 661,   164 749,   159 912,   333 715,   169 615,   164 100
,15 a 19 años,   300 186,   151 797,   148 389,   322 034,   162 488,   159 546,   326 333,   165 942,   160 391
,20 a 24 años,   267 506,   133 526,   133 980,   285 872,   142 953,   142 919,   314 067,   157 281,   156 786
,25 a 29 años,   250 016,   123 385,   126 631,   255 036,   126 385,   128 651,   298 299,   147 844,   150 455
,30 a 34 años,   257 676,   127 117,   130 559,   251 304,   124 137,   127 167,   275 644,   135 649,   139 995
,35 a 39 años,   233 533,   114 930,   118 603,   259 968,   128 448,   131 520,   263 669,   130 612,   133 057
,40 a 44 años,   193 322,   94 501,   98 821,   222 756,   109 944,   112 812,   251 983,   124 354,   127 629
,45 a 49 años,   153 968,   74 445,   79 523,   183 153,   89 363,   93 790,   248 522,   123 238,   125 284
,50 a 54 años,   119 550,   57 774,   61 776,   149 069,   71 988,   77 081,   219 930,   107 604,   112 326
,55 a 59 años,   92 987,   44 511,   48 476,   108 607,   52 311,   56 296,   173 639,   84 028,   89 611
,60 a 64 años,   80 050,   38 234,   41 816,   89 542,   42 534,   47 008,   140 861,   66 530,   74 331
,65 a 69 años,   62 659,   30 067,   32 592,   68 809,   32 811,   35 998,   100 944,   47 253,   53 691
,70 a 74 años,   45 078,   21 842,   23 236,   54 419,   26 273,   28 146,   74 018,   34 187,   39 831
,75 a 79 años,   29 983,   14 348,   15 635,   34 386,   16 544,   17 842,   50 265,   23 473,   26 792
,80 a 84 años,   17 235,   7 908,   9 327,   20 704,   9 435,   11 269,   31 387,   14 273,   17 114
,85 a 89 años,   8 045,   3 564,   4 481,   10 184,   4 404,   5 780,   15 250,   6 585,   8 665
,90 a 94 años,   2 931,   1 158,   1 773,   3 294,   1 383,   1 911,   5 376,   2 130,   3 246
,95 a 99 años,   1 078,400,678,   1 101,428,673,   1 477,531,946
,100 años y más,224,90,134,286,113,173,243,88,155
,No especificado,   158 041,   79 300,   78 741,   103 540,   51 770,   51 770,   7 639,   3 813,   3 826
Ciudad de México,Total,  8 720 916,  4 171 683,  4 549 233,  8 851 080,  4 233 783,  4 617 297,  9 209 944,  4 404 927,  4 805 017
,0 a 4 años,   664 092,   338 207,   325 885,   618 245,   314 701,   303 544,   479 904,   242 877,   237 027
,5 a 9 años,   671 579,   341 618,   329 961,   658 948,   334 885,   324 063,   563 907,   286 280,   277 627
,10 a 14 años,   704 950,   357 106,   347 844,   660 345,   334 674,   325 671,   608 962,   309 140,   299 822
,15 a 19 años,   740 280,   368 042,   372 238,   723 372,   363 265,   360 107,   650 389,   331 109,   319 280
,20 a 24 años,   765 641,   373 044,   392 597,   753 404,   372 368,   381 036,   714 605,   359 049,   355 556
,25 a 29 años,   735 441,   353 337,   382 104,   726 696,   352 969,   373 727,   752 289,   372 081,   380 208
,30 a 34 años,   755 600,   359 952,   395 648,   702 642,   335 988,   366 654,   743 611,   363 448,   380 163
,35 a 39 años,   678 990,   319 519,   359 471,   722 214,   341 865,   380 349,   705 850,   340 545,   365 305
,40 a 44 años,   596 540,   278 656,   317 884,   629 563,   295 151,   334 412,   670 307,   317 312,   352 995
,45 a 49 años,   515 878,   237 757,   278 121,   555 481,   256 078,   299 403,   668 945,   313 846,   355 099
,50 a 54 años,   441 077,   202 356,   238 721,   506 310,   230 325,   275 985,   623 483,   286 394,   337 089
,55 a 59 años,   329 553,   150 909,   178 644,   392 186,   179 065,   213 121,   526 447,   239 651,   286 796
,60 a 64 años,   263 228,   117 398,   145 830,   315 793,   141 010,   174 783,   469 514,   209 065,   260 449
,65 a 69 años,   192 699,   83 931,   108 768,   227 625,   99 910,   127 715,   356 196,   157 245,   198 951
,70 a 74 años,   164 150,   67 932,   96 218,   179 329,   75 227,   104 102,   267 744,   115 130,   152 614
,75 a 79 años,   110 512,   44 280,   66 232,   124 499,   50 795,   73 704,   175 215,   74 210,   101 005
,80 a 84 años,   72 725,   27 752,   44 973,   85 121,   32 012,   53 109,   117 480,   46 094,   71 386
,85 a 89 años,   35 912,   12 752,   23 160,   47 170,   17 062,   30 108,   66 316,   24 278,   42 038
,90 a 94 años,   14 084,   4 564,   9 520,   17 225,   5 529,   11 696,   28 780,   9 308,   19 472
,95 a 99 años,   5 176,   1 589,   3 587,   5 797,   1 688,   4 109,   9 066,   2 725,   6 341
,100 años y más,952,254,698,   1 089,321,768,   1 308,357,951
,No especificado,   261 857,   130 728,   131 129,   198 026,   98 895,   99 131,   9 626,   4 783,   4 843
Durango,Total,  1 509 117,   738 095,   771 022,  1 632 934,   803 890,   829 044,  1 832 650,   904 866,   927 784
,0 a 4 años,   158 588,   80 812,   77 776,   161 700,   82 046,   79 654,   167 600,   85 081,   82 519
,5 a 9 años,   165 488,   84 071,   81 417,   166 853,   84 823,   82 030,   176 033,   89 816,   86 217
,10 a 14 años,   171 314,   86 908,   84 406,   167 180,   84 969,   82 211,   170 271,   86 764,   83 507
,15 a 19 años,   156 434,   77 795,   78 639,   166 366,   84 036,   82 330,   162 990,   82 839,   80 151
,20 a 24 años,   124 920,   59 372,   65 548,   143 377,   70 380,   72 997,   153 588,   76 936,   76 652
,25 a 29 años,   111 556,   52 329,   59 227,   117 714,   56 978,   60 736,   141 107,   69 038,   72 069
,30 a 34 años,   110 058,   51 803,   58 255,   115 294,   55 171,   60 123,   129 526,   63 232,   66 294
,35 a 39 años,   99 365,   46 784,   52 581,   112 837,   54 244,   58 593,   118 830,   57 634,   61 196
,40 a 44 años,   85 571,   40 303,   45 268,   96 859,   46 107,   50 752,   114 976,   55 778,   59 198
,45 a 49 años,   70 558,   33 419,   37 139,   82 516,   38 967,   43 549,   108 070,   52 309,   55 761
,50 a 54 años,   57 570,   27 707,   29 863,   70 274,   33 322,   36 952,   97 009,   45 980,   51 029
,55 a 59 años,   45 386,   21 832,   23 554,   53 875,   26 022,   27 853,   79 997,   37 971,   42 026
,60 a 64 años,   40 026,   19 550,   20 476,   44 693,   21 418,   23 275,   66 536,   31 635,   34 901
,65 a 69 años,   31 835,   15 693,   16 142,   34 601,   16 948,   17 653,   49 727,   23 758,   25 969
,70 a 74 años,   24 425,   12 125,   12 300,   29 733,   14 618,   15 115,   36 956,   17 758,   19 198
,75 a 79 años,   16 824,   8 396,   8 428,   19 595,   9 739,   9 856,   25 689,   12 593,   13 096
,80 a 84 años,   9 837,   4 828,   5 009,   12 039,   5 751,   6 288,   17 026,   8 058,   8 968
,85 a 89 años,   4 700,   2 165,   2 535,   6 079,   2 885,   3 194,   9 042,   4 191,   4 851
,90 a 94 años,   1 784,813,971,   1 953,843,   1 110,   3 333,   1 441,   1 892
,95 a 99 años,798,346,452,753,336,417,   1 012,418,594
,100 años y más,243,104,139,235,84,151,157,60,97
,No especificado,   21 837,   10 940,   10 897,   28 408,   14 203,   14 205,   3 175,   1 576,   1 599
Guanajuato,Total,  4 893 812,  2 329 136,  2 564 676,  5 486 372,  2 639 425,  2 846 947,  6 166 934,  2 996 454,  3 170 480
,0 a 4 años,   527 480,   267 399,   260 081,   547 466,   277 260,   270 206,   538 846,   272 745,   266 101
,5 a 9 años,   551 459,   279 081,   272 378,   579 121,   293 697,   285 424,   547 545,   277 429,   270 116
,10 a 14 años,   569 357,   286 789,   282 568,   580 600,   293 612,   286 988,   549 301,   278 676,   270 625
,15 a 19 años,   504 643,   241 953,   262 690,   570 965,   281 501,   289 464,   552 092,   277 977,   274 115
,20 a 24 años,   425 409,   188 993,   236 416,   493 167,   230 992,   262 175,   540 587,   267 148,   273 439
,25 a 29 años,   377 109,   167 451,   209 658,   425 291,   196 248,   229 043,   501 868,   242 026,   259 842
,30 a 34 años,   361 384,   163 437,   197 947,   407 712,   187 888,   219 824,   462 332,   218 363,   243 969
,35 a 39 años,   321 689,   147 170,   174 519,   387 687,   181 162,   206 525,   439 045,   208 278,   230 767
,40 a 44 años,   269 592,   124 556,   145 036,   324 654,   150 828,   173 826,   407 230,   192 549,   214 681
,45 a 49 años,   219 520,   102 288,   117 232,   266 465,   123 887,   142 578,   365 660,   174 419,   191 241
,50 a 54 años,   180 011,   84 056,   95 955,   225 760,   105 052,   120 708,   318 197,   148 310,   169 887
,55 a 59 años,   135 455,   64 147,   71 308,   174 400,   82 431,   91 969,   250 808,   116 934,   133 874
,60 a 64 años,   117 552,   54 792,   62 760,   140 229,   65 751,   74 478,   214 406,   99 483,   114 923
,65 a 69 años,   87 450,   41 027,   46 423,   105 229,   49 694,   55 535,   161 765,   75 898,   85 867
,70 a 74 años,   71 388,   33 672,   37 716,   86 650,   40 438,   46 212,   118 285,   55 393,   62 892
,75 a 79 años,   51 797,   24 481,   27 316,   60 341,   28 292,   32 049,   81 110,   38 242,   42 868
,80 a 84 años,   34 405,   15 638,   18 767,   42 362,   19 159,   23 203,   54 366,   24 455,   29 911
,85 a 89 años,   17 077,   7 610,   9 467,   24 163,   10 738,   13 425,   31 747,   14 089,   17 658
,90 a 94 años,   7 351,   3 125,   4 226,   8 603,   3 616,   4 987,   14 003,   5 815,   8 188
,95 a 99 años,   3 392,   1 396,   1 996,   3 588,   1 403,   2 185,   5 009,   1 992,   3 017
,100 años y más,754,269,485,766,276,490,683,227,456
,No especificado,   59 538,   29 806,   29 732,   31 153,   15 500,   15 653,   12 049,   6 006,   6 043
Guerrero,Total,  3 115 202,  1 499 453,  1 615 749,  3 388 768,  1 645 561,  1 743 207,  3 540 685,  1 700 612,  1 840 073
,0 a 4 años,   345 731,   174 968,   170 763,   353 009,   179 246,   173 763,   335 458,   169 332,   166 126
,5 a 9 años,   377 826,   190 749,   187 077,   378 197,   191 053,   187 144,   351 010,   177 163,   173 847
,10 a 14 años,   396 125,   200 491,   195 634,   393 378,   198 888,   194 490,   348 493,   176 233,   172 260
,15 a 19 años,   332 940,   161 667,   171 273,   372 191,   184 645,   187 546,   326 540,   162 620,   163 920
,20 a 24 años,   252 404,   114 723,   137 681,   290 684,   137 993,   152 691,   281 967,   133 690,   148 277
,25 a 29 años,   212 665,   96 552,   116 113,   237 815,   111 428,   126 387,   256 191,   118 352,   137 839
,30 a 34 años,   198 099,   90 739,   107 360,   223 482,   104 473,   119 009,   237 976,   109 644,   128 332
,35 a 39 años,   181 518,   83 257,   98 261,   211 923,   99 320,   112 603,   222 157,   102 989,   119 168
,40 a 44 años,   158 810,   74 032,   84 778,   178 482,   83 944,   94 538,   209 120,   97 642,   111 478
,45 a 49 años,   135 306,   63 531,   71 775,   158 413,   73 976,   84 437,   190 778,   89 571,   101 207
,50 a 54 años,   112 818,   53 978,   58 840,   137 260,   64 884,   72 376,   174 072,   80 393,   93 679
,55 a 59 años,   89 468,   42 807,   46 661,   110 858,   53 232,   57 626,   148 972,   69 264,   79 708
,60 a 64 años,   80 235,   37 731,   42 504,   89 041,   42 136,   46 905,   126 765,   59 295,   67 470
,65 a 69 años,   66 040,   30 398,   35 642,   72 733,   33 837,   38 896,   104 196,   48 671,   55 525
,70 a 74 años,   50 403,   23 852,   26 551,   66 668,   31 228,   35 440,   77 444,   36 646,   40 798
,75 a 79 años,   34 974,   16 891,   18 083,   43 749,   20 709,   23 040,   58 071,   27 472,   30 599
,80 a 84 años,   21 597,   9 992,   11 605,   26 491,   12 278,   14 213,   39 210,   17 897,   21 313
,85 a 89 años,   11 675,   5 335,   6 340,   14 892,   6 809,   8 083,   23 532,   10 376,   13 156
,90 a 94 años,   4 612,   2 040,   2 572,   5 898,   2 667,   3 231,   9 187,   4 039,   5 148
,95 a 99 años,   2 520,   1 130,   1 390,   2 810,   1 244,   1 566,   3 950,   1 657,   2 293
,100 años y más,   1 126,486,640,   1 186,505,681,   1 179,470,709
,No especificado,   48 310,   24 104,   24 206,   19 608,   11 066,   8 542,   14 417,   7 196,   7 221
Hidalgo,Total,  2 345 514,  1 125 188,  1 220 326,  2 665 018,  1 285 222,  1 379 796,  3 082 841,  1 481 379,  1 601 462
,0 a 4 años,   237 423,   120 784,   116 639,   255 202,   129 514,   125 688,   238 189,   120 314,   117 875
,5 a 9 años,   243 185,   123 336,   119 849,   271 181,   137 456,   133 725,   269 553,   136 027,   133 526
,10 a 14 años,   270 650,   136 955,   133 695,   263 026,   133 304,   129 722,   283 676,   143 492,   140 184
,15 a 19 años,   237 675,   115 331,   122 344,   269 602,   134 493,   135 109,   272 506,   137 426,   135 080
,20 a 24 años,   196 494,   88 134,   108 360,   226 170,   106 172,   119 998,   238 187,   116 241,   121 946
,25 a 29 años,   175 226,   78 011,   97 215,   201 034,   91 783,   109 251,   231 124,   108 338,   122 786
,30 a 34 años,   173 306,   78 284,   95 022,   197 047,   90 262,   106 785,   224 226,   102 706,   121 520
,35 a 39 años,   159 174,   73 325,   85 849,   191 131,   88 478,   102 653,   221 410,   101 835,   119 575
,40 a 44 años,   135 441,   63 506,   71 935,   162 857,   76 199,   86 658,   211 048,   97 725,   113 323
,45 a 49 años,   116 547,   55 512,   61 035,   140 325,   65 837,   74 488,   194 567,   91 193,   103 374
,50 a 54 años,   93 857,   45 771,   48 086,   120 304,   57 248,   63 056,   171 679,   79 935,   91 744
,55 a 59 años,   73 161,   35 672,   37 489,   95 265,   46 282,   48 983,   139 795,   65 244,   74 551
,60 a 64 años,   65 005,   31 058,   33 947,   74 476,   35 915,   38 561,   118 929,   55 713,   63 216
,65 a 69 años,   46 738,   22 345,   24 393,   57 669,   27 765,   29 904,   93 011,   44 117,   48 894
,70 a 74 años,   35 516,   16 901,   18 615,   48 068,   22 456,   25 612,   66 179,   31 397,   34 782
,75 a 79 años,   25 653,   12 155,   13 498,   31 279,   14 642,   16 637,   47 263,   22 656,   24 607
,80 a 84 años,   16 502,   7 413,   9 089,   19 997,   8 912,   11 085,   29 997,   13 534,   16 463
,85 a 89 años,   9 117,   3 974,   5 143,   12 043,   5 139,   6 904,   17 421,   7 713,   9 708
,90 a 94 años,   3 470,   1 381,   2 089,   4 577,   1 862,   2 715,   7 213,   2 878,   4 335
,95 a 99 años,   1 703,628,   1 075,   1 952,716,   1 236,   3 020,   1 115,   1 905
,100 años y más,621,204,417,654,235,419,642,192,450
,No especificado,   29 050,   14 508,   14 542,   21 159,   10 552,   10 607,   3 206,   1 588,   1 618
Jalisco,Total,  6 752 113,  3 278 822,  3 473 291,  7 350 682,  3 600 641,  3 750 041,  8 348 151,  4 098 455,  4 249 696
,0 a 4 años,   674 285,   342 642,   331 643,   694 948,   353 751,   341 197,   670 983,   339 122,   331 861
,5 a 9 años,   688 681,   349 996,   338 685,   727 075,   369 308,   357 767,   718 100,   363 911,   354 189
,10 a 14 años,   697 206,   354 242,   342 964,   714 393,   362 097,   352 296,   714 906,   364 020,   350 886
,15 a 19 años,   669 724,   330 944,   338 780,   715 003,   360 175,   354 828,   716 259,   362 796,   353 463
,20 a 24 años,   601 671,   285 876,   315 795,   669 088,   329 145,   339 943,   704 359,   351 982,   352 377
,25 a 29 años,   523 866,   246 599,   277 267,   592 033,   287 723,   304 310,   668 334,   331 070,   337 264
,30 a 34 años,   509 541,   240 566,   268 975,   548 117,   263 140,   284 977,   639 006,   312 917,   326 089
,35 a 39 años,   448 698,   211 444,   237 254,   535 234,   258 270,   276 964,   602 903,   295 336,   307 567
,40 a 44 años,   379 829,   179 031,   200 798,   446 601,   213 669,   232 932,   549 859,   266 310,   283 549
,45 a 49 años,   318 734,   149 555,   169 179,   371 541,   175 474,   196 067,   511 537,   248 266,   263 271
,50 a 54 años,   267 921,   125 979,   141 942,   324 277,   152 109,   172 168,   444 689,   210 067,   234 622
,55 a 59 años,   208 005,   99 191,   108 814,   254 380,   120 383,   133 997,   357 080,   167 535,   189 545
,60 a 64 años,   172 579,   81 797,   90 782,   210 465,   99 337,   111 128,   313 011,   144 991,   168 020
,65 a 69 años,   126 101,   59 336,   66 765,   155 337,   73 976,   81 361,   240 553,   111 583,   128 970
,70 a 74 años,   96 044,   44 817,   51 227,   118 204,   55 172,   63 032,   181 420,   84 464,   96 956
,75 a 79 años,   69 383,   32 186,   37 197,   80 747,   37 383,   43 364,   120 885,   56 892,   63 993
,80 a 84 años,   48 147,   21 475,   26 672,   53 964,   23 768,   30 196,   76 495,   33 970,   42 525
,85 a 89 años,   27 217,   12 006,   15 211,   32 720,   14 255,   18 465,   41 507,   17 843,   23 664
,90 a 94 años,   11 502,   4 926,   6 576,   13 596,   5 628,   7 968,   17 725,   7 062,   10 663
,95 a 99 años,   4 526,   1 778,   2 748,   5 206,   2 133,   3 073,   6 381,   2 422,   3 959
,100 años y más,   1 027,409,618,   1 084,415,669,   1 108,393,715
,No especificado,   207 426,   104 027,   103 399,   86 669,   43 330,   43 339,   51 051,   25 503,   25 548
México,Total,  14 007 495,  6 832 822,  7 174 673,  15 175 862,  7 396 986,  7 778 876,  16 992 418,  8 251 295,  8 741 123
,0 a 4 años,  1 373 064,   697 889,   675 175,  1 426 612,   723 127,   703 485,  1 276 386,   644 777,   631 609
,5 a 9 años,  1 362 065,   691 997,   670 068,  1 498 274,   760 231,   738 043,  1 381 132,   699 573,   681 559
,10 a 14 años,  1 410 691,   713 138,   697 553,  1 429 028,   723 622,   705 406,  1 464 549,   740 376,   724 173
,15 a 19 años,  1 334 112,   663 064,   671 048,  1 467 148,   734 320,   732 828,  1 476 665,   747 531,   729 134
,20 a 24 años,  1 250 151,   601 037,   649 114,  1 364 380,   668 827,   695 553,  1 415 159,   705 458,   709 701
,25 a 29 años,  1 152 407,   546 014,   606 393,  1 233 854,   591 831,   642 023,  1 367 527,   667 933,   699 594
,30 a 34 años,  1 147 320,   541 872,   605 448,  1 198 515,   565 928,   632 587,  1 283 264,   615 018,   668 246
,35 a 39 años,  1 016 457,   483 846,   532 611,  1 193 988,   566 526,   627 462,  1 254 296,   596 686,   657 610
,40 a 44 años,   839 324,   402 414,   436 910,  1 003 492,   478 370,   525 122,  1 197 089,   563 714,   633 375
,45 a 49 años,   682 173,   325 717,   356 456,   831 164,   395 154,   436 010,  1 145 882,   542 558,   603 324
,50 a 54 años,   539 308,   259 710,   279 598,   695 328,   329 825,   365 503,  1 007 077,   473 362,   533 715
,55 a 59 años,   388 919,   187 632,   201 287,   509 884,   244 538,   265 346,   795 711,   373 977,   421 734
,60 a 64 años,   305 945,   145 437,   160 508,   392 349,   185 672,   206 677,   661 100,   307 001,   354 099
,65 a 69 años,   215 924,   100 467,   115 457,   270 138,   126 755,   143 383,   475 398,   221 241,   254 157
,70 a 74 años,   156 324,   71 808,   84 516,   200 542,   91 438,   109 104,   330 905,   152 248,   178 657
,75 a 79 años,   102 977,   46 177,   56 800,   129 423,   58 326,   71 097,   212 562,   97 227,   115 335
,80 a 84 años,   61 530,   26 388,   35 142,   78 893,   33 293,   45 600,   130 480,   56 251,   74 229
,85 a 89 años,   31 282,   12 505,   18 777,   44 498,   17 985,   26 513,   71 307,   28 844,   42 463
,90 a 94 años,   11 029,   3 929,   7 100,   14 612,   5 459,   9 153,   26 950,   9 949,   17 001
,95 a 99 años,   5 264,   1 772,   3 492,   5 814,   1 925,   3 889,   9 294,   3 120,   6 174
,100 años y más,   1 334,376,958,   1 378,424,954,   1 458,424,   1 034
,No especificado,   619 895,   309 633,   310 262,   186 548,   93 410,   93 138,   8 227,   4 027,   4 200
Michoacán de Ocampo,Total,  3 966 073,  1 892 377,  2 073 696,  4 351 037,  2 102 109,  2 248 928,  4 748 846,  2 306 341,  2 442 505
,0 a 4 años,   400 054,   202 915,   197 139,   425 698,   215 617,   210 081,   429 837,   216 825,   213 012
,5 a 9 años,   426 654,   215 699,   210 955,   434 860,   220 017,   214 843,   441 618,   223 382,   218 236
,10 a 14 años,   462 479,   233 342,   229 137,   443 721,   223 553,   220 168,   426 869,   215 932,   210 937
,15 a 19 años,   423 624,   202 977,   220 647,   453 827,   224 452,   229 375,   407 743,   204 821,   202 922
,20 a 24 años,   332 440,   147 596,   184 844,   392 338,   185 190,   207 148,   390 431,   191 587,   198 844
,25 a 29 años,   284 690,   126 561,   158 129,   322 064,   150 160,   171 904,   367 568,   176 271,   191 297
,30 a 34 años,   273 154,   124 017,   149 137,   303 108,   141 058,   162 050,   345 272,   162 946,   182 326
,35 a 39 años,   247 470,   112 596,   134 874,   290 448,   136 834,   153 614,   318 438,   151 597,   166 841
,40 a 44 años,   216 455,   100 356,   116 099,   247 704,   115 521,   132 183,   299 299,   142 585,   156 714
,45 a 49 años,   182 586,   85 391,   97 195,   212 627,   99 106,   113 521,   270 544,   129 380,   141 164
,50 a 54 años,   153 673,   72 818,   80 855,   188 305,   88 214,   100 091,   243 599,   113 217,   130 382
,55 a 59 años,   120 402,   57 263,   63 139,   147 873,   71 049,   76 824,   202 399,   94 210,   108 189
,60 a 64 años,   104 898,   49 077,   55 821,   122 951,   58 031,   64 920,   178 844,   83 238,   95 606
,65 a 69 años,   84 325,   39 858,   44 467,   96 347,   45 789,   50 558,   140 009,   66 427,   73 582
,70 a 74 años,   69 195,   32 843,   36 352,   83 990,   39 343,   44 647,   106 332,   50 515,   55 817
,75 a 79 años,   50 678,   24 637,   26 041,   58 813,   28 096,   30 717,   74 938,   35 694,   39 244
,80 a 84 años,   33 279,   15 582,   17 697,   40 032,   18 583,   21 449,   51 154,   23 473,   27 681
,85 a 89 años,   17 681,   8 382,   9 299,   23 160,   10 696,   12 464,   30 976,   13 989,   16 987
,90 a 94 años,   7 330,   3 314,   4 016,   8 949,   4 017,   4 932,   13 255,   5 868,   7 387
,95 a 99 años,   3 683,   1 616,   2 067,   3 839,   1 652,   2 187,   5 246,   2 242,   3 004
,100 años y más,   1 046,427,619,   1 046,451,595,945,396,549
,No especificado,   70 277,   35 110,   35 167,   49 337,   24 680,   24 657,   3 530,   1 746,   1 784
Morelos,Total,  1 612 899,   775 311,   837 588,  1 777 227,   858 588,   918 639,  1 971 520,   950 847,  1 020 673
,0 a 4 años,   150 281,   76 612,   73 669,   155 669,   79 434,   76 235,   145 439,   73 680,   71 759
,5 a 9 años,   157 253,   79 931,   77 322,   166 908,   85 100,   81 808,   158 935,   80 637,   78 298
,10 a 14 años,   168 541,   85 250,   83 291,   167 487,   84 822,   82 665,   164 177,   83 391,   80 786
,15 a 19 años,   155 301,   76 688,   78 613,   175 625,   87 725,   87 900,   166 654,   84 628,   82 026
,20 a 24 años,   134 191,   62 002,   72 189,   155 671,   75 194,   80 477,   162 146,   79 566,   82 580
,25 a 29 años,   119 236,   54 001,   65 235,   133 544,   62 528,   71 016,   154 595,   74 612,   79 983
,30 a 34 años,   118 659,   54 302,   64 357,   128 812,   59 712,   69 100,   143 404,   67 970,   75 434
,35 a 39 años,   108 333,   49 588,   58 745,   129 072,   59 870,   69 202,   135 994,   63 749,   72 245
,40 a 44 años,   94 307,   44 081,   50 226,   111 381,   51 504,   59 877,   130 539,   60 716,   69 823
,45 a 49 años,   81 012,   37 708,   43 304,   97 105,   45 411,   51 694,   124 378,   58 030,   66 348
,50 a 54 años,   67 341,   32 058,   35 283,   86 282,   40 293,   45 989,   114 284,   52 588,   61 696
,55 a 59 años,   51 112,   24 477,   26 635,   66 904,   31 856,   35 048,   96 124,   44 357,   51 767
,60 a 64 años,   43 128,   20 379,   22 749,   53 604,   25 556,   28 048,   84 475,   39 123,   45 352
,65 a 69 años,   33 653,   15 527,   18 126,   40 104,   18 850,   21 254,   65 650,   30 758,   34 892
,70 a 74 años,   26 836,   12 445,   14 391,   32 988,   15 169,   17 819,   47 846,   22 462,   25 384
,75 a 79 años,   19 198,   9 080,   10 118,   23 535,   10 876,   12 659,   33 189,   15 608,   17 581
,80 a 84 años,   11 620,   5 406,   6 214,   14 917,   6 621,   8 296,   21 954,   9 791,   12 163
,85 a 89 años,   5 851,   2 574,   3 277,   8 567,   3 862,   4 705,   13 278,   5 724,   7 554
,90 a 94 años,   2 162,909,   1 253,   2 702,   1 147,   1 555,   5 327,   2 165,   3 162
,95 a 99 años,   1 104,452,652,   1 134,464,670,   1 844,707,   1 137
,100 años y más,390,157,233,327,136,191,340,126,214
,No especificado,   63 390,   31 684,   31 706,   24 889,   12 458,   12 431,948,459,489
Nayarit,Total,   949 684,   469 204,   480 480,  1 084 979,   541 007,   543 972,  1 235 456,   612 278,   623 178
,0 a 4 años,   92 384,   46 895,   45 489,   106 044,   54 138,   51 906,   103 601,   52 602,   50 999
,5 a 9 años,   96 834,   49 627,   47 207,   104 943,   53 253,   51 690,   113 942,   58 000,   55 942
,10 a 14 años,   103 122,   52 426,   50 696,   104 308,   53 367,   50 941,   113 335,   57 726,   55 609
,15 a 19 años,   97 519,   48 922,   48 597,   107 191,   54 204,   52 987,   104 256,   52 792,   51 464
,20 a 24 años,   79 031,   37 566,   41 465,   96 693,   48 059,   48 634,   97 500,   48 537,   48 963
,25 a 29 años,   69 847,   33 028,   36 819,   82 067,   40 065,   42 002,   92 542,   45 237,   47 305
,30 a 34 años,   69 251,   33 146,   36 105,   79 520,   38 922,   40 598,   90 577,   43 990,   46 587
,35 a 39 años,   62 553,   30 053,   32 500,   78 128,   38 953,   39 175,   85 180,   41 559,   43 621
,40 a 44 años,   54 176,   26 110,   28 066,   64 675,   31 810,   32 865,   81 357,   39 971,   41 386
,45 a 49 años,   47 294,   22 809,   24 485,   55 916,   27 147,   28 769,   75 138,   37 298,   37 840
,50 a 54 años,   39 727,   19 578,   20 149,   48 769,   23 609,   25 160,   64 958,   31 691,   33 267
,55 a 59 años,   31 623,   15 747,   15 876,   39 899,   19 693,   20 206,   54 507,   26 262,   28 245
,60 a 64 años,   27 893,   13 971,   13 922,   32 069,   15 866,   16 203,   47 698,   22 763,   24 935
,65 a 69 años,   21 551,   10 898,   10 653,   25 368,   12 694,   12 674,   37 876,   18 563,   19 313
,70 a 74 años,   15 830,   8 126,   7 704,   21 066,   10 519,   10 547,   27 774,   13 560,   14 214
,75 a 79 años,   11 271,   5 622,   5 649,   13 928,   7 002,   6 926,   19 910,   9 792,   10 118
,80 a 84 años,   7 228,   3 538,   3 690,   8 690,   4 150,   4 540,   13 039,   6 345,   6 694
,85 a 89 años,   4 184,   1 991,   2 193,   5 111,   2 390,   2 721,   7 093,   3 310,   3 783
,90 a 94 años,   1 694,790,904,   2 113,944,   1 169,   2 773,   1 179,   1 594
,95 a 99 años,788,378,410,799,368,431,996,433,563
,100 años y más,222,109,113,247,134,113,236,96,140
,No especificado,   15 662,   7 874,   7 788,   7 435,   3 720,   3 715,   1 168,572,596
Nuevo León,Total,  4 199 292,  2 090 673,  2 108 619,  4 653 458,  2 320 185,  2 333 273,  5 784 442,  2 890 950,  2 893 492
,0 a 4 años,   396 832,   202 457,   194 375,   413 360,   210 075,   203 285,   454 909,   229 807,   225 102
,5 a 9 años,   403 641,   205 432,   198 209,   430 525,   219 102,   211 423,   463 819,   235 679,   228 140
,10 a 14 años,   381 498,   193 885,   187 613,   415 368,   211 365,   204 003,   462 720,   235 404,   227 316
,15 a 19 años,   372 986,   187 600,   185 386,   406 428,   205 518,   200 910,   471 896,   240 241,   231 655
,20 a 24 años,   381 072,   191 558,   189 514,   401 723,   202 766,   198 957,   503 826,   255 533,   248 293
,25 a 29 años,   364 392,   181 145,   183 247,   384 086,   192 963,   191 123,   488 349,   248 479,   239 870
,30 a 34 años,   368 549,   183 158,   185 391,   383 736,   191 204,   192 532,   448 470,   227 051,   221 419
,35 a 39 años,   322 812,   159 879,   162 933,   383 357,   191 768,   191 589,   426 619,   215 999,   210 620
,40 a 44 años,   265 277,   131 231,   134 046,   321 008,   159 078,   161 930,   409 490,   204 944,   204 546
,45 a 49 años,   218 683,   106 900,   111 783,   260 606,   128 429,   132 177,   387 678,   194 154,   193 524
,50 a 54 años,   172 436,   83 952,   88 484,   220 801,   107 080,   113 721,   334 439,   164 492,   169 947
,55 a 59 años,   134 046,   65 124,   68 922,   162 140,   78 944,   83 196,   260 045,   126 971,   133 074
,60 a 64 años,   108 646,   52 394,   56 252,   132 607,   63 516,   69 091,   217 238,   103 697,   113 541
,65 a 69 años,   83 083,   39 917,   43 166,   96 803,   46 293,   50 510,   154 408,   72 766,   81 642
,70 a 74 años,   59 373,   27 965,   31 408,   75 631,   35 695,   39 936,   115 822,   53 640,   62 182
,75 a 79 años,   40 397,   18 477,   21 920,   48 049,   22 136,   25 913,   77 327,   35 523,   41 804
,80 a 84 años,   24 628,   10 827,   13 801,   30 455,   13 075,   17 380,   50 350,   22 069,   28 281
,85 a 89 años,   11 929,   5 007,   6 922,   16 005,   6 629,   9 376,   25 023,   10 300,   14 723
,90 a 94 años,   4 738,   1 787,   2 951,   5 394,   2 066,   3 328,   10 365,   3 903,   6 462
,95 a 99 años,   1 817,709,   1 108,   1 874,695,   1 179,   3 097,   1 133,   1 964
,100 años y más,376,143,233,460,172,288,420,116,304
,No especificado,   82 081,   41 126,   40 955,   63 042,   31 616,   31 426,   18 132,   9 049,   9 083
Oaxaca,Total,  3 506 821,  1 674 855,  1 831 966,  3 801 962,  1 819 008,  1 982 954,  4 132 148,  1 974 843,  2 157 305
,0 a 4 años,   357 272,   180 883,   176 389,   373 371,   189 157,   184 214,   359 853,   181 303,   178 550
,5 a 9 años,   394 779,   199 744,   195 035,   399 632,   201 833,   197 799,   388 759,   195 501,   193 258
,10 a 14 años,   443 980,   223 625,   220 355,   414 392,   209 447,   204 945,   398 362,   201 586,   196 776
,15 a 19 años,   366 868,   178 035,   188 833,   406 873,   200 381,   206 492,   358 708,   178 973,   179 735
,20 a 24 años,   281 999,   127 254,   154 745,   313 523,   145 055,   168 468,   310 307,   147 137,   163 170
,25 a 29 años,   243 386,   108 120,   135 266,   268 969,   122 545,   146 424,   307 124,   141 381,   165 743
,30 a 34 años,   230 648,   104 049,   126 599,   259 112,   117 774,   141 338,   289 279,   132 924,   156 355
,35 a 39 años,   210 256,   95 780,   114 476,   244 019,   112 008,   132 011,   276 496,   127 897,   148 599
,40 a 44 años,   185 440,   86 072,   99 368,   208 666,   96 524,   112 142,   259 478,   120 384,   139 094
,45 a 49 años,   161 350,   74 758,   86 592,   187 021,   86 487,   100 534,   233 971,   108 738,   125 233
,50 a 54 años,   136 431,   64 181,   72 250,   163 536,   75 664,   87 872,   210 438,   96 862,   113 576
,55 a 59 años,   107 316,   50 555,   56 761,   134 078,   63 189,   70 889,   179 408,   83 007,   96 401
,60 a 64 años,   102 856,   47 633,   55 223,   110 092,   51 536,   58 556,   155 780,   72 135,   83 645
,65 a 69 años,   77 317,   35 777,   41 540,   90 363,   41 593,   48 770,   127 194,   58 872,   68 322
,70 a 74 años,   61 759,   29 226,   32 533,   80 884,   37 246,   43 638,   93 692,   43 728,   49 964
,75 a 79 años,   44 826,   21 403,   23 423,   55 599,   26 055,   29 544,   73 118,   34 298,   38 820
,80 a 84 años,   29 144,   13 547,   15 597,   35 768,   16 415,   19 353,   50 714,   23 170,   27 544
,85 a 89 años,   15 726,   7 149,   8 577,   21 170,   9 631,   11 539,   31 435,   14 216,   17 219
,90 a 94 años,   5 751,   2 498,   3 253,   7 840,   3 481,   4 359,   12 630,   5 550,   7 080
,95 a 99 años,   2 870,   1 217,   1 653,   3 406,   1 401,   2 005,   4 898,   2 080,   2 818
,100 años y más,992,365,627,   1 047,407,640,   1 116,433,683
,No especificado,   45 855,   22 984,   22 871,   22 601,   11 179,   11 422,   9 388,   4 668,   4 720
Puebla,Total,  5 383 133,  2 578 664,  2 804 469,  5 779 829,  2 769 855,  3 009 974,  6 583 278,  3 160 115,  3 423 163
,0 a 4 años,   579 804,   293 977,   285 827,   574 513,   291 584,   282 929,   578 779,   292 266,   286 513
,5 a 9 años,   586 108,   297 066,   289 042,   620 386,   314 122,   306 264,   598 550,   302 188,   296 362
,10 a 14 años,   624 075,   314 797,   309 278,   604 845,   305 657,   299 188,   603 375,   305 853,   297 522
,15 a 19 años,   548 971,   268 014,   280 957,   604 094,   299 098,   304 996,   607 200,   305 827,   301 373
,20 a 24 años,   474 429,   217 540,   256 889,   511 685,   241 187,   270 498,   570 646,   279 374,   291 272
,25 a 29 años,   411 939,   187 990,   223 949,   441 558,   203 626,   237 932,   528 289,   251 899,   276 390
,30 a 34 años,   384 349,   176 534,   207 815,   420 492,   192 949,   227 543,   475 854,   221 145,   254 709
,35 a 39 años,   340 799,   156 674,   184 125,   394 961,   182 690,   212 271,   457 864,   212 520,   245 344
,40 a 44 años,   283 374,   132 012,   151 362,   328 556,   151 228,   177 328,   425 089,   196 550,   228 539
,45 a 49 años,   242 420,   112 766,   129 654,   279 425,   129 308,   150 117,   382 865,   178 206,   204 659
,50 a 54 años,   197 862,   92 385,   105 477,   240 020,   110 377,   129 643,   334 597,   153 039,   181 558
,55 a 59 años,   154 041,   71 906,   82 135,   188 919,   88 207,   100 712,   269 080,   123 605,   145 475
,60 a 64 años,   133 552,   61 586,   71 966,   150 565,   69 041,   81 524,   229 364,   104 369,   124 995
,65 a 69 años,   100 862,   46 020,   54 842,   115 990,   53 384,   62 606,   177 876,   80 892,   96 984
,70 a 74 años,   78 396,   35 821,   42 575,   96 685,   43 408,   53 277,   128 374,   58 004,   70 370
,75 a 79 años,   58 514,   26 859,   31 655,   67 019,   30 238,   36 781,   91 494,   41 799,   49 695
,80 a 84 años,   36 177,   16 005,   20 172,   43 367,   18 969,   24 398,   60 354,   26 102,   34 252
,85 a 89 años,   20 730,   8 886,   11 844,   26 380,   11 168,   15 212,   36 491,   15 340,   21 151
,90 a 94 años,   7 209,   2 908,   4 301,   9 528,   3 906,   5 622,   14 770,   5 903,   8 867
,95 a 99 años,   3 919,   1 408,   2 511,   3 845,   1 413,   2 432,   5 631,   2 077,   3 554
,100 años y más,   1 187,373,814,   1 057,329,728,   1 065,335,730
,No especificado,   114 416,   57 137,   57 279,   55 939,   27 966,   27 973,   5 671,   2 822,   2 849
Querétaro,Total,  1 598 139,   772 759,   825 380,  1 827 937,   887 188,   940 749,  2 368 467,  1 156 820,  1 211 647
,0 a 4 años,   162 841,   82 781,   80 060,   178 916,   90 972,   87 944,   187 893,   94 523,   93 370
,5 a 9 años,   168 900,   85 804,   83 096,   183 541,   93 230,   90 311,   196 969,   99 958,   97 011
,10 a 14 años,   178 589,   89 895,   88 694,   182 608,   92 453,   90 155,   198 601,   100 847,   97 754
,15 a 19 años,   162 541,   79 047,   83 494,   187 241,   92 904,   94 337,   198 141,   99 841,   98 300
,20 a 24 años,   146 713,   68 013,   78 700,   168 520,   80 717,   87 803,   209 039,   104 347,   104 692
,25 a 29 años,   130 500,   60 021,   70 479,   153 300,   72 317,   80 983,   214 139,   105 543,   108 596
,30 a 34 años,   126 438,   59 116,   67 322,   145 169,   68 081,   77 088,   194 576,   94 293,   100 283
,35 a 39 años,   109 689,   51 435,   58 254,   138 438,   65 728,   72 710,   182 743,   87 967,   94 776
,40 a 44 años,   91 576,   43 747,   47 829,   114 275,   53 763,   60 512,   165 728,   79 318,   86 410
,45 a 49 años,   73 238,   35 138,   38 100,   93 449,   44 472,   48 977,   149 832,   71 841,   77 991
,50 a 54 años,   57 129,   27 531,   29 598,   76 870,   36 628,   40 242,   125 857,   59 009,   66 848
,55 a 59 años,   40 621,   19 600,   21 021,   56 288,   26 912,   29 376,   97 903,   46 132,   51 771
,60 a 64 años,   33 692,   15 806,   17 886,   42 991,   20 110,   22 881,   80 729,   37 769,   42 960
,65 a 69 años,   24 520,   11 554,   12 966,   31 562,   14 757,   16 805,   57 833,   26 736,   31 097
,70 a 74 años,   18 292,   8 548,   9 744,   24 701,   11 421,   13 280,   40 979,   18 799,   22 180
,75 a 79 años,   13 166,   6 057,   7 109,   16 494,   7 562,   8 932,   27 417,   12 516,   14 901
,80 a 84 años,   8 367,   3 739,   4 628,   10 760,   4 641,   6 119,   17 321,   7 578,   9 743
,85 a 89 años,   4 475,   1 851,   2 624,   6 400,   2 751,   3 649,   9 975,   4 174,   5 801
,90 a 94 años,   1 700,641,   1 059,   2 344,914,   1 430,   4 195,   1 596,   2 599
,95 a 99 años,840,315,525,922,303,619,   1 531,557,974
,100 años y más,184,65,119,207,70,137,242,76,166
,No especificado,   44 128,   22 055,   22 073,   12 941,   6 482,   6 459,   6 824,   3 400,   3 424
Quintana Roo,Total,  1 135 309,   574 837,   560 472,  1 325 578,   673 220,   652 358,  1 857 985,   936 779,   921 206
,0 a 4 años,   107 380,   54 437,   52 943,   133 228,   67 703,   65 525,   147 731,   75 158,   72 573
,5 a 9 años,   106 802,   54 551,   52 251,   126 996,   64 151,   62 845,   155 388,   78 621,   76 767
,10 a 14 años,   106 745,   54 091,   52 654,   121 308,   61 790,   59 518,   154 281,   78 464,   75 817
,15 a 19 años,   102 042,   51 828,   50 214,   128 650,   65 411,   63 239,   147 549,   74 516,   73 033
,20 a 24 años,   103 377,   52 041,   51 336,   135 549,   68 519,   67 030,   164 989,   83 186,   81 803
,25 a 29 años,   97 203,   48 401,   48 802,   130 616,   65 694,   64 922,   184 447,   93 034,   91 413
,30 a 34 años,   93 113,   46 621,   46 492,   120 654,   60 588,   60 066,   175 133,   88 048,   87 085
,35 a 39 años,   78 570,   39 966,   38 604,   111 169,   56 596,   54 573,   161 472,   81 665,   79 807
,40 a 44 años,   59 687,   30 565,   29 122,   86 941,   44 886,   42 055,   136 731,   68 835,   67 896
,45 a 49 años,   43 595,   22 306,   21 289,   64 630,   33 236,   31 394,   117 045,   59 554,   57 491
,50 a 54 años,   32 692,   16 898,   15 794,   48 629,   24 865,   23 764,   94 160,   47 616,   46 544
,55 a 59 años,   23 000,   11 898,   11 102,   34 052,   17 591,   16 461,   66 985,   33 514,   33 471
,60 a 64 años,   16 414,   8 388,   8 026,   24 478,   12 373,   12 105,   49 321,   24 175,   25 146
,65 a 69 años,   10 845,   5 559,   5 286,   15 430,   7 924,   7 506,   34 204,   16 738,   17 466
,70 a 74 años,   7 226,   3 713,   3 513,   10 761,   5 469,   5 292,   21 678,   10 704,   10 974
,75 a 79 años,   4 657,   2 454,   2 203,   6 453,   3 276,   3 177,   12 688,   6 268,   6 420
,80 a 84 años,   2 770,   1 457,   1 313,   3 639,   1 831,   1 808,   7 421,   3 570,   3 851
,85 a 89 años,   1 499,754,745,   2 070,   1 048,   1 022,   3 775,   1 729,   2 046
,90 a 94 años,477,248,229,761,387,374,   1 332,564,768
,95 a 99 años,205,112,93,297,152,145,531,253,278
,100 años y más,70,46,24,76,43,33,102,66,36
,No especificado,   136 940,   68 503,   68 437,   19 191,   9 687,   9 504,   21 022,   10 501,   10 521
San Luis Potosí,Total,  2 410 414,  1 167 308,  1 243 106,  2 585 518,  1 260 366,  1 325 152,  2 822 255,  1 372 451,  1 449 804
,0 a 4 años,   253 580,   128 094,   125 486,   247 057,   125 473,   121 584,   230 931,   116 331,   114 600
,5 a 9 años,   266 312,   135 091,   131 221,   268 914,   136 027,   132 887,   242 727,   122 972,   119 755
,10 a 14 años,   285 397,   144 282,   141 115,   270 154,   136 835,   133 319,   252 780,   128 254,   124 526
,15 a 19 años,   247 158,   121 587,   125 571,   269 673,   135 204,   134 469,   253 797,   127 984,   125 813
,20 a 24 años,   198 562,   91 177,   107 385,   219 720,   105 606,   114 114,   232 129,   113 430,   118 699
,25 a 29 años,   173 849,   79 474,   94 375,   189 105,   88 319,   100 786,   220 964,   106 032,   114 932
,30 a 34 años,   171 383,   79 159,   92 224,   180 250,   84 440,   95 810,   204 288,   96 754,   107 534
,35 a 39 años,   155 867,   72 725,   83 142,   175 642,   82 850,   92 792,   191 969,   90 728,   101 241
,40 a 44 años,   134 538,   63 383,   71 155,   152 372,   71 817,   80 555,   180 174,   85 394,   94 780
,45 a 49 años,   113 281,   53 881,   59 400,   131 221,   61 913,   69 308,   169 453,   80 668,   88 785
,50 a 54 años,   92 388,   44 537,   47 851,   112 519,   53 592,   58 927,   153 736,   72 445,   81 291
,55 a 59 años,   73 276,   35 625,   37 651,   87 476,   42 563,   44 913,   125 766,   59 294,   66 472
,60 a 64 años,   65 308,   31 164,   34 144,   72 960,   34 958,   38 002,   107 635,   51 031,   56 604
,65 a 69 años,   51 272,   24 723,   26 549,   56 671,   27 526,   29 145,   82 236,   39 217,   43 019
,70 a 74 años,   40 409,   19 645,   20 764,   50 213,   24 200,   26 013,   63 157,   30 156,   33 001
,75 a 79 años,   29 792,   14 795,   14 997,   34 695,   16 937,   17 758,   45 985,   22 290,   23 695
,80 a 84 años,   19 149,   9 277,   9 872,   23 325,   11 118,   12 207,   32 252,   14 922,   17 330
,85 a 89 años,   9 094,   4 254,   4 840,   13 437,   6 316,   7 121,   18 927,   8 698,   10 229
,90 a 94 años,   3 817,   1 670,   2 147,   4 303,   1 915,   2 388,   8 052,   3 502,   4 550
,95 a 99 años,   1 978,831,   1 147,   1 824,787,   1 037,   2 895,   1 204,   1 691
,100 años y más,515,187,328,548,205,343,460,181,279
,No especificado,   23 489,   11 747,   11 742,   23 439,   11 765,   11 674,   1 942,964,978
Sinaloa,Total,  2 608 442,  1 294 617,  1 313 825,  2 767 761,  1 376 201,  1 391 560,  3 026 943,  1 494 815,  1 532 128
,0 a 4 años,   244 907,   124 872,   120 035,   252 443,   128 664,   123 779,   236 236,   120 045,   116 191
,5 a 9 años,   262 539,   133 821,   128 718,   264 538,   134 710,   129 828,   250 496,   127 811,   122 685
,10 a 14 años,   275 179,   139 909,   135 270,   270 555,   137 580,   132 975,   260 172,   132 511,   127 661
,15 a 19 años,   256 624,   129 543,   127 081,   275 540,   139 206,   136 334,   261 581,   132 551,   129 030
,20 a 24 años,   220 179,   108 293,   111 886,   242 907,   121 634,   121 273,   256 990,   127 976,   129 014
,25 a 29 años,   196 928,   95 435,   101 493,   207 840,   102 082,   105 758,   232 316,   113 467,   118 849
,30 a 34 años,   197 089,   95 801,   101 288,   207 002,   101 645,   105 357,   215 491,   105 280,   110 211
,35 a 39 años,   177 043,   85 905,   91 138,   207 622,   102 184,   105 438,   205 540,   100 764,   104 776
,40 a 44 años,   154 173,   74 352,   79 821,   176 453,   86 505,   89 948,   204 309,   99 977,   104 332
,45 a 49 años,   130 129,   62 475,   67 654,   149 915,   72 394,   77 521,   192 589,   94 386,   98 203
,50 a 54 años,   107 972,   52 869,   55 103,   131 472,   63 091,   68 381,   172 094,   83 272,   88 822
,55 a 59 años,   84 875,   42 299,   42 576,   103 936,   51 030,   52 906,   143 385,   68 641,   74 744
,60 a 64 años,   71 711,   36 009,   35 702,   83 594,   41 082,   42 512,   123 628,   58 938,   64 690
,65 a 69 años,   53 783,   26 831,   26 952,   64 032,   31 842,   32 190,   95 056,   45 164,   49 892
,70 a 74 años,   38 183,   19 176,   19 007,   51 023,   25 289,   25 734,   70 677,   34 107,   36 570
,75 a 79 años,   26 535,   13 077,   13 458,   31 659,   15 461,   16 198,   49 051,   23 904,   25 147
,80 a 84 años,   16 422,   7 701,   8 721,   19 463,   9 028,   10 435,   30 957,   14 451,   16 506
,85 a 89 años,   9 116,   4 071,   5 045,   10 809,   4 777,   6 032,   15 827,   7 041,   8 786
,90 a 94 años,   3 405,   1 468,   1 937,   4 102,   1 720,   2 382,   5 997,   2 483,   3 514
,95 a 99 años,   1 432,592,840,   1 625,665,960,   1 923,769,   1 154
,100 años y más,411,163,248,418,176,242,403,169,234
,No especificado,   79 807,   39 955,   39 852,   10 813,   5 436,   5 377,   2 225,   1 108,   1 117
Sonora,Total,  2 394 861,  1 198 154,  1 196 707,  2 662 480,  1 339 612,  1 322 868,  2 944 840,  1 472 197,  1 472 643
,0 a 4 años,   234 936,   119 774,   115 162,   250 969,   127 915,   123 054,   218 345,   110 604,   107 741
,5 a 9 años,   243 250,   124 307,   118 943,   259 950,   132 598,   127 352,   246 711,   125 202,   121 509
,10 a 14 años,   240 901,   122 616,   118 285,   256 883,   131 336,   125 547,   258 791,   132 191,   126 600
,15 a 19 años,   221 592,   112 152,   109 440,   251 510,   128 406,   123 104,   255 716,   130 755,   124 961
,20 a 24 años,   201 924,   100 958,   100 966,   228 147,   116 320,   111 827,   247 003,   125 586,   121 417
,25 a 29 años,   190 619,   94 060,   96 559,   207 251,   104 540,   102 711,   227 896,   114 152,   113 744
,30 a 34 años,   191 733,   95 041,   96 692,   205 910,   103 146,   102 764,   215 004,   107 455,   107 549
,35 a 39 años,   171 077,   84 559,   86 518,   202 731,   102 169,   100 562,   207 000,   103 839,   103 161
,40 a 44 años,   147 464,   72 883,   74 581,   172 253,   85 722,   86 531,   203 895,   101 577,   102 318
,45 a 49 años,   125 538,   61 981,   63 557,   147 842,   73 258,   74 584,   192 181,   96 274,   95 907
,50 a 54 años,   99 848,   49 577,   50 271,   128 595,   63 397,   65 198,   170 705,   84 122,   86 583
,55 a 59 años,   74 804,   37 298,   37 506,   97 274,   48 466,   48 808,   140 464,   68 807,   71 657
,60 a 64 años,   61 504,   30 129,   31 375,   74 443,   36 506,   37 937,   121 603,   58 841,   62 762
,65 a 69 años,   48 362,   23 795,   24 567,   56 240,   27 424,   28 816,   87 708,   42 358,   45 350
,70 a 74 años,   33 784,   16 664,   17 120,   43 912,   21 279,   22 633,   61 882,   29 386,   32 496
,75 a 79 años,   23 631,   11 487,   12 144,   28 060,   13 585,   14 475,   41 519,   19 677,   21 842
,80 a 84 años,   13 538,   6 420,   7 118,   17 019,   7 746,   9 273,   26 144,   11 839,   14 305
,85 a 89 años,   6 965,   3 022,   3 943,   8 961,   3 937,   5 024,   13 203,   5 697,   7 506
,90 a 94 años,   2 323,920,   1 403,   3 075,   1 247,   1 828,   4 727,   1 849,   2 878
,95 a 99 años,902,350,552,940,364,576,   1 421,539,882
,100 años y más,214,87,127,224,87,137,197,83,114
,No especificado,   59 952,   30 074,   29 878,   20 291,   10 164,   10 127,   2 725,   1 364,   1 361
Tabasco,Total,  1 989 969,   977 785,  1 012 184,  2 238 603,  1 100 758,  1 137 845,  2 402 598,  1 173 671,  1 228 927
,0 a 4 años,   204 327,   103 987,   100 340,   223 692,   114 194,   109 498,   206 877,   104 669,   102 208
,5 a 9 años,   208 905,   105 980,   102 925,   225 061,   114 145,   110 916,   224 058,   113 706,   110 352
,10 a 14 años,   222 167,   112 052,   110 115,   220 776,   111 804,   108 972,   222 698,   113 492,   109 206
,15 a 19 años,   210 055,   103 853,   106 202,   224 257,   111 911,   112 346,   208 660,   105 289,   103 371
,20 a 24 años,   188 484,   88 521,   99 963,   206 842,   100 048,   106 794,   188 555,   91 925,   96 630
,25 a 29 años,   166 827,   77 246,   89 581,   185 871,   87 169,   98 702,   180 324,   85 425,   94 899
,30 a 34 años,   152 970,   71 854,   81 116,   174 392,   81 829,   92 563,   181 427,   85 667,   95 760
,35 a 39 años,   139 172,   67 085,   72 087,   164 922,   78 148,   86 774,   179 476,   84 231,   95 245
,40 a 44 años,   116 283,   57 310,   58 973,   136 000,   66 024,   69 976,   167 602,   79 123,   88 479
,45 a 49 años,   94 231,   46 877,   47 354,   116 426,   57 375,   59 051,   147 298,   70 224,   77 074
,50 a 54 años,   74 419,   37 257,   37 162,   95 109,   46 912,   48 197,   130 575,   62 842,   67 733
,55 a 59 años,   53 257,   26 778,   26 479,   72 350,   35 982,   36 368,   106 647,   51 906,   54 741
,60 a 64 años,   43 088,   21 273,   21 815,   51 726,   25 607,   26 119,   84 886,   41 416,   43 470
,65 a 69 años,   32 200,   15 783,   16 417,   38 728,   18 954,   19 774,   64 809,   31 582,   33 227
,70 a 74 años,   24 663,   12 516,   12 147,   32 532,   15 959,   16 573,   41 845,   20 321,   21 524
,75 a 79 años,   16 749,   8 456,   8 293,   21 048,   10 617,   10 431,   29 521,   14 369,   15 152
,80 a 84 años,   9 314,   4 705,   4 609,   12 257,   6 092,   6 165,   18 674,   8 952,   9 722
,85 a 89 años,   5 288,   2 583,   2 705,   7 134,   3 374,   3 760,   11 315,   5 262,   6 053
,90 a 94 años,   2 051,993,   1 058,   2 669,   1 275,   1 394,   4 337,   1 957,   2 380
,95 a 99 años,   1 228,605,623,   1 297,589,708,   1 677,697,980
,100 años y más,512,216,296,536,235,301,461,184,277
,No especificado,   23 779,   11 855,   11 924,   24 978,   12 515,   12 463,876,432,444
Tamaulipas,Total,  3 024 238,  1 493 573,  1 530 665,  3 268 554,  1 616 201,  1 652 353,  3 527 735,  1 736 140,  1 791 595
,0 a 4 años,   294 740,   149 599,   145 141,   302 937,   154 457,   148 480,   271 340,   137 176,   134 164
,5 a 9 años,   295 298,   150 744,   144 554,   305 122,   154 618,   150 504,   294 344,   149 315,   145 029
,10 a 14 años,   290 402,   147 498,   142 904,   294 469,   150 104,   144 365,   305 853,   155 866,   149 987
,15 a 19 años,   274 245,   138 074,   136 171,   291 682,   147 251,   144 431,   294 950,   149 235,   145 715
,20 a 24 años,   267 644,   131 056,   136 588,   275 453,   137 058,   138 395,   284 064,   142 117,   141 947
,25 a 29 años,   253 314,   122 825,   130 489,   258 116,   126 215,   131 901,   267 261,   131 093,   136 168
,30 a 34 años,   248 444,   120 474,   127 970,   255 313,   124 108,   131 205,   256 845,   125 288,   131 557
,35 a 39 años,   223 045,   108 728,   114 317,   250 586,   122 278,   128 308,   257 220,   125 261,   131 959
,40 a 44 años,   185 155,   90 750,   94 405,   213 736,   104 304,   109 432,   248 637,   120 639,   127 998
,45 a 49 años,   150 775,   73 401,   77 374,   177 182,   86 829,   90 353,   236 202,   115 498,   120 704
,50 a 54 años,   119 530,   58 365,   61 165,   147 748,   71 602,   76 146,   211 394,   102 541,   108 853
,55 a 59 años,   91 480,   43 967,   47 513,   109 317,   53 327,   55 990,   167 744,   81 176,   86 568
,60 a 64 años,   77 434,   36 895,   40 539,   89 766,   42 359,   47 407,   139 900,   66 775,   73 125
,65 a 69 años,   60 579,   28 743,   31 836,   66 138,   31 179,   34 959,   100 333,   47 520,   52 813
,70 a 74 años,   44 260,   21 037,   23 223,   53 619,   25 167,   28 452,   73 616,   33 955,   39 661
,75 a 79 años,   30 697,   14 479,   16 218,   35 422,   16 664,   18 758,   50 993,   23 565,   27 428
,80 a 84 años,   18 581,   8 412,   10 169,   22 387,   10 054,   12 333,   33 702,   14 783,   18 919
,85 a 89 años,   8 759,   3 889,   4 870,   12 078,   5 302,   6 776,   17 930,   7 663,   10 267
,90 a 94 años,   3 287,   1 396,   1 891,   3 852,   1 589,   2 263,   7 113,   2 796,   4 317
,95 a 99 años,   1 450,605,845,   1 427,574,853,   2 287,912,   1 375
,100 años y más,429,162,267,408,169,239,353,146,207
,No especificado,   84 690,   42 474,   42 216,   101 796,   50 993,   50 803,   5 654,   2 820,   2 834
Tlaxcala,Total,  1 068 207,   517 477,   550 730,  1 169 936,   565 775,   604 161,  1 342 977,   649 894,   693 083
,0 a 4 años,   114 954,   58 574,   56 380,   116 073,   58 980,   57 093,   110 460,   55 685,   54 775
,5 a 9 años,   114 239,   58 160,   56 079,   123 330,   62 673,   60 657,   117 738,   59 685,   58 053
,10 a 14 años,   118 450,   60 021,   58 429,   118 634,   59 970,   58 664,   119 718,   60 747,   58 971
,15 a 19 años,   108 254,   53 846,   54 408,   119 172,   59 831,   59 341,   121 207,   61 532,   59 675
,20 a 24 años,   99 680,   46 429,   53 251,   104 781,   50 406,   54 375,   113 937,   56 738,   57 199
,25 a 29 años,   88 678,   40 707,   47 971,   93 720,   43 235,   50 485,   104 758,   50 890,   53 868
,30 a 34 años,   81 874,   37 734,   44 140,   90 612,   41 672,   48 940,   96 512,   45 384,   51 128
,35 a 39 años,   72 699,   33 984,   38 715,   84 560,   39 297,   45 263,   94 896,   43 586,   51 310
,40 a 44 años,   59 577,   28 186,   31 391,   71 030,   33 139,   37 891,   89 448,   41 550,   47 898
,45 a 49 años,   48 794,   22 995,   25 799,   58 822,   27 512,   31 310,   80 395,   37 282,   43 113
,50 a 54 años,   37 925,   18 030,   19 895,   49 362,   23 079,   26 283,   70 782,   32 540,   38 242
,55 a 59 años,   28 757,   13 902,   14 855,   36 171,   17 210,   18 961,   56 315,   26 186,   30 129
,60 a 64 años,   24 137,   11 552,   12 585,   28 530,   13 597,   14 933,   46 505,   21 684,   24 821
,65 a 69 años,   18 889,   8 873,   10 016,   21 997,   10 353,   11 644,   33 958,   15 919,   18 039
,70 a 74 años,   14 576,   6 904,   7 672,   17 497,   8 197,   9 300,   24 495,   11 325,   13 170
,75 a 79 años,   11 317,   5 460,   5 857,   13 009,   6 108,   6 901,   17 367,   8 240,   9 127
,80 a 84 años,   7 232,   3 382,   3 850,   8 741,   4 056,   4 685,   11 591,   5 335,   6 256
,85 a 89 años,   4 171,   1 922,   2 249,   5 477,   2 493,   2 984,   7 325,   3 225,   4 100
,90 a 94 años,   1 502,664,838,   1 997,880,   1 117,   3 217,   1 353,   1 864
,95 a 99 años,794,331,463,794,318,476,   1 231,532,699
,100 años y más,188,69,119,187,75,112,197,57,140
,No especificado,   11 520,   5 752,   5 768,   5 440,   2 694,   2 746,   20 925,   10 419,   10 506
Veracruz de Ignacio de la Llave,Total,  7 110 214,  3 423 379,  3 686 835,  7 643 194,  3 695 679,  3 947 515,  8 062 579,  3 871 774,  4 190 805
,0 a 4 años,   676 902,   344 371,   332 531,   662 288,   335 899,   326 389,   600 253,   303 113,   297 140
,5 a 9 años,   720 700,   366 110,   354 590,   728 767,   369 775,   358 992,   675 182,   342 335,   332 847
,10 a 14 años,   791 110,   401 867,   389 243,   741 526,   376 924,   364 602,   685 468,   347 680,   337 788
,15 a 19 años,   710 167,   351 004,   359 163,   759 388,   381 351,   378 037,   681 548,   344 153,   337 395
,20 a 24 años,   582 248,   269 012,   313 236,   642 093,   307 562,   334 531,   600 394,   292 359,   308 035
,25 a 29 años,   517 828,   232 501,   285 327,   557 762,   259 153,   298 609,   580 421,   272 684,   307 737
,30 a 34 años,   516 830,   234 539,   282 291,   539 685,   247 094,   292 591,   568 121,   263 409,   304 712
,35 a 39 años,   496 595,   229 601,   266 994,   542 754,   251 277,   291 477,   558 791,   258 605,   300 186
,40 a 44 años,   432 692,   203 928,   228 764,   486 810,   228 657,   258 153,   537 667,   247 288,   290 379
,45 a 49 años,   369 611,   175 365,   194 246,   424 845,   201 515,   223 330,   516 152,   240 159,   275 993
,50 a 54 años,   310 556,   148 137,   162 419,   365 591,   172 802,   192 789,   488 510,   227 672,   260 838
,55 a 59 años,   247 750,   119 097,   128 653,   298 171,   142 619,   155 552,   408 710,   192 522,   216 188
,60 a 64 años,   211 512,   100 645,   110 867,   239 698,   114 048,   125 650,   347 850,   162 999,   184 851
,65 a 69 años,   159 801,   75 256,   84 545,   183 836,   87 365,   96 471,   279 233,   130 731,   148 502
,70 a 74 años,   121 464,   57 509,   63 955,   155 346,   72 547,   82 799,   203 156,   95 435,   107 721
,75 a 79 años,   85 434,   40 350,   45 084,   100 119,   46 658,   53 461,   145 737,   68 964,   76 773
,80 a 84 años,   50 171,   23 047,   27 124,   62 627,   28 294,   34 333,   95 232,   43 082,   52 150
,85 a 89 años,   27 716,   12 147,   15 569,   35 565,   15 779,   19 786,   54 398,   23 684,   30 714
,90 a 94 años,   10 668,   4 500,   6 168,   13 213,   5 571,   7 642,   21 825,   9 066,   12 759
,95 a 99 años,   5 679,   2 313,   3 366,   5 967,   2 503,   3 464,   8 304,   3 328,   4 976
,100 años y más,   2 115,817,   1 298,   2 186,890,   1 296,   2 157,799,   1 358
,No especificado,   62 665,   31 263,   31 402,   94 957,   47 396,   47 561,   3 470,   1 707,   1 763
Yucatán,Total,  1 818 948,   896 562,   922 386,  1 955 577,   963 333,   992 244,  2 320 898,  1 140 279,  1 180 619
,0 a 4 años,   169 575,   85 966,   83 609,   170 727,   86 219,   84 508,   175 986,   89 335,   86 651
,5 a 9 años,   176 491,   89 687,   86 804,   181 587,   91 892,   89 695,   186 122,   93 902,   92 220
,10 a 14 años,   188 049,   95 354,   92 695,   182 604,   92 921,   89 683,   189 137,   95 833,   93 304
,15 a 19 años,   183 960,   91 950,   92 010,   192 027,   96 613,   95 414,   196 363,   99 417,   96 946
,20 a 24 años,   171 550,   84 185,   87 365,   183 322,   91 013,   92 309,   199 525,   100 085,   99 440
,25 a 29 años,   147 473,   71 543,   75 930,   160 355,   78 443,   81 912,   190 975,   94 526,   96 449
,30 a 34 años,   139 475,   67 053,   72 422,   151 440,   73 129,   78 311,   183 035,   89 203,   93 832
,35 a 39 años,   118 211,   56 944,   61 267,   145 205,   69 998,   75 207,   174 099,   84 877,   89 222
,40 a 44 años,   103 126,   49 655,   53 471,   116 699,   56 265,   60 434,   161 231,   77 759,   83 472
,45 a 49 años,   86 897,   41 778,   45 119,   101 202,   48 528,   52 674,   146 033,   70 247,   75 786
,50 a 54 años,   76 900,   36 800,   40 100,   87 918,   41 814,   46 104,   122 358,   57 886,   64 472
,55 a 59 años,   61 894,   30 238,   31 656,   73 419,   35 354,   38 065,   103 183,   48 826,   54 357
,60 a 64 años,   48 236,   23 013,   25 223,   61 572,   29 647,   31 925,   86 773,   40 883,   45 890
,65 a 69 años,   38 247,   18 600,   19 647,   44 092,   21 271,   22 821,   72 318,   34 270,   38 048
,70 a 74 años,   28 422,   13 928,   14 494,   35 779,   17 334,   18 445,   53 224,   25 378,   27 846
,75 a 79 años,   21 195,   10 674,   10 521,   24 558,   12 071,   12 487,   35 612,   17 163,   18 449
,80 a 84 años,   14 293,   6 968,   7 325,   15 627,   7 491,   8 136,   22 476,   10 519,   11 957
,85 a 89 años,   8 573,   4 172,   4 401,   9 540,   4 618,   4 922,   12 224,   5 530,   6 694
,90 a 94 años,   2 818,   1 289,   1 529,   3 815,   1 743,   2 072,   4 647,   2 023,   2 624
,95 a 99 años,   1 110,517,593,   1 289,586,703,   1 556,640,916
,100 años y más,182,69,113,202,88,114,205,81,124
,No especificado,   32 271,   16 179,   16 092,   12 598,   6 295,   6 303,   3 816,   1 896,   1 920
Zacatecas,Total,  1 367 692,   659 333,   708 359,  1 490 668,   726 897,   763 771,  1 622 138,   791 058,   831 080
,0 a 4 años,   143 830,   73 032,   70 798,   152 037,   77 320,   74 717,   151 745,   76 563,   75 182
,5 a 9 años,   148 813,   75 506,   73 307,   151 780,   76 898,   74 882,   155 704,   78 441,   77 263
,10 a 14 años,   156 277,   79 335,   76 942,   152 154,   77 052,   75 102,   151 355,   76 912,   74 443
,15 a 19 años,   145 349,   70 292,   75 057,   150 499,   75 169,   75 330,   141 208,   70 860,   70 348
,20 a 24 años,   112 509,   50 280,   62 229,   131 079,   62 008,   69 071,   130 238,   63 289,   66 949
,25 a 29 años,   99 137,   44 095,   55 042,   107 817,   50 416,   57 401,   117 673,   55 905,   61 768
,30 a 34 años,   97 454,   45 183,   52 271,   105 427,   49 237,   56 190,   114 442,   53 586,   60 856
,35 a 39 años,   89 531,   41 641,   47 890,   101 327,   48 473,   52 854,   104 728,   49 653,   55 075
,40 a 44 años,   76 065,   35 796,   40 269,   88 979,   42 123,   46 856,   102 682,   48 739,   53 943
,45 a 49 años,   62 751,   29 454,   33 297,   74 010,   35 111,   38 899,   95 118,   46 099,   49 019
,50 a 54 años,   50 399,   24 139,   26 260,   62 448,   29 522,   32 926,   86 207,   40 965,   45 242
,55 a 59 años,   40 637,   19 586,   21 051,   47 741,   23 002,   24 739,   69 401,   32 945,   36 456
,60 a 64 años,   37 993,   18 206,   19 787,   41 090,   19 732,   21 358,   58 039,   27 708,   30 331
,65 a 69 años,   30 335,   14 844,   15 491,   34 106,   16 684,   17 422,   44 719,   21 507,   23 212
,70 a 74 años,   24 798,   12 239,   12 559,   29 225,   14 135,   15 090,   35 100,   17 080,   18 020
,75 a 79 años,   18 430,   9 424,   9 006,   21 022,   10 463,   10 559,   26 357,   13 015,   13 342
,80 a 84 años,   12 212,   5 997,   6 215,   13 941,   6 868,   7 073,   18 058,   8 641,   9 417
,85 a 89 años,   6 230,   2 993,   3 237,   8 507,   4 152,   4 355,   10 975,   5 233,   5 742
,90 a 94 años,   2 572,   1 195,   1 377,   2 832,   1 296,   1 536,   4 569,   2 160,   2 409
,95 a 99 años,   1 188,517,671,   1 176,526,650,   1 723,738,985
,100 años y más,267,99,168,253,102,151,239,102,137
,No especificado,   10 915,   5 480,   5 435,   13 218,   6 608,   6 610,   1 858,917,941
,,,,,,,,,,
,,,,,,,,,,
Notas:,,,,,,,,,,
"Para 1990, la información está referida al 12 de marzo. Incluye una estimación de población de 409 023 personas que corresponden a 136 341 Viviendas sin información de ocupantes.",,,,,,,,,,
"Para 1995, la información está referida al 5 de noviembre. Incluye una estimación de población de 90 855 personas que corresponden a 28 634 Viviendas sin información de ocupantes.",,,,,,,,,,
"Para 2000, la información está referida al 14 de febrero. Incluye una estimación de población de 1 730 016 personas que corresponden a 425 724 Viviendas sin información de ocupantes.",,,,,,,,,,
"Para 2005, la información está referida al 17 de octubre. Incluye una estimación de población de 2 625 310 personas que corresponden a 647 491 Viviendas sin información de ocupantes.",,,,,,,,,,
"Para 2010, la información está referida al 12 de junio. Incluye una estimación de población de 1 344 585 personas que corresponden a 448 195 Viviendas sin información de ocupantes.",,,,,,,,,,
"Para 2020, la información está referida al 15 de marzo. Incluye una estimación de población de 6 337 751 personas que corresponden a 1 588 422 Viviendas sin información de ocupantes.",,,,,,,,,,
"Fuentes:  
",,,,,,,,,,
INEGI. XI Censo General de Población y Vivienda 1990.,,,,,,,,,,
INEGI. Conteo de Población y Vivienda 1995.,,,,,,,,,,
INEGI. XII Censo General de Población y Vivienda 2000.,,,,,,,,,,
INEGI. II Conteo de Población y Vivienda 2005.,,,,,,,,,,
INEGI. Censo de Población y Vivienda 2010.,,,,,,,,,,
INEGI. Censo de Población y Vivienda 2020.,,,,,,,,,,
